Tid (s),C1,C2,,,
1,66.4,51.4,,,
2,65,49.5,,,
3,60.6,49.5,,,
4,55.9,48.5,,,
5,51.8,47.6,,,
6,47,49.2,,,
7,45.7,47.3,,,
8,46.7,44.2,,,
9,44.5,43.2,,,
10,44,42.9,,,
11,43.3,41,,,
12,43.1,40.5,,,
13,43.4,39.5,,,
14,43.4,38.4,,,
15,44,38.3,,,
16,43.8,38.4,,,
17,44.4,37.8,,,
18,46.1,39.6,,,
19,47.6,39.5,,,
20,48.5,39.4,,,
21,53.1,41,,,
22,59.6,43,,,
23,62.9,43.8,,,
24,59.5,45.6,,,
25,54.7,48.5,,,
26,53.9,51.4,,,
27,57.7,54.2,,,
28,61.8,59.3,,,
29,61.2,61.4,,,
30,59.9,58.4,,,
31,61.9,55,,,
32,62.6,54,,,
33,62.8,55.3,,,
34,62.7,59,,,
35,64.4,62.8,,,
36,68.9,66,,,
37,69.3,66.8,,,
38,65.2,67.5,,,
39,63.4,65.1,,,
40,64.4,62.7,,,
41,66.9,66,,,
42,68.2,70.5,,,
43,68,71.8,,,
44,67.1,71.2,,,
45,67.3,68.4,,,
46,68.1,66.3,,,
47,70,66.9,,,
48,72.8,66.1,,,
49,73.1,62.5,,,
50,70.1,62.1,,,
51,65.7,62.6,,,
52,65.4,63.7,,,
53,66.9,64.8,,,
54,66.7,66.1,,,
55,64.4,67.1,,,
56,62.5,65.6,,,
57,62.2,65.6,,,
58,60.2,67.7,,,
59,59.9,69.1,,,
60,60.8,69.3,,,
61,61.2,68.4,,,
62,61.9,66.4,,,
63,64,62.9,,,
64,66,60.7,,,
65,68.3,60,,,
66,69,59.2,,,
67,68.9,55.1,,,
68,67.7,52.9,,,
69,64.2,51.1,,,
70,61,52.2,,,
71,56.4,51.7,,,
72,52.5,51.4,,,
73,52.8,51.3,,,
74,53,52,,,
75,52.1,52.6,,,
76,51.8,54.7,,,
77,51.1,59.2,,,
78,52.3,63,,,
79,53.9,65.1,,,
80,55.2,65.2,,,
81,58.8,62.4,,,
82,61,62.2,,,
83,62,64.8,,,
84,65.8,67.3,,,
85,66.5,70.6,,,
86,64.4,73.7,,,
87,62.7,71.6,,,
88,63.6,67.6,,,
89,64.8,66.7,,,
90,68.6,66.8,,,
91,73.5,66.6,,,
92,74.4,68.6,,,
93,71.9,66.9,,,
94,67.1,62.6,,,
95,66.9,60.8,,,
96,67.5,60.8,,,
97,68.1,61.5,,,
98,70.3,62.4,,,
99,69,63.6,,,
100,66.1,63.5,,,
101,62.1,61.2,,,
102,58.9,61.9,,,
103,56.8,63.5,,,
104,54.8,64.9,,,
105,54.3,61.8,,,
106,54.6,58.3,,,
107,53.6,55.5,,,
108,53.4,55.2,,,
109,53.2,53.3,,,
110,53.8,52.9,,,
111,56.5,53.2,,,
112,61.3,51,,,
113,64.2,49.2,,,
114,64.7,49.8,,,
115,63.2,51.5,,,
116,66.3,54.2,,,
117,67.9,56.8,,,
118,65.9,59,,,
119,64.5,62.8,,,
120,62.3,63,,,
121,59,62.6,,,
122,58.4,64.6,,,
123,59.4,67.4,,,
124,59.1,64.8,,,
125,61.1,62.3,,,
126,60.6,63.2,,,
127,58.1,62.9,,,
128,57.2,59,,,
129,56.6,58,,,
130,55.6,57.3,,,
131,53.5,55.7,,,
132,54.6,55.3,,,
133,52.9,56.6,,,
134,50.6,52.9,,,
135,49.2,50.3,,,
136,50.2,50.9,,,
137,51,53.2,,,
138,52.1,55.5,,,
139,55,55.8,,,
140,56.3,58.8,,,
141,58.3,61.9,,,
142,62.3,64.6,,,
143,63.4,64.2,,,
144,64,64.1,,,
145,64.2,60.4,,,
146,66.5,59.6,,,
147,68,56.9,,,
148,71.5,58.1,,,
149,72.2,61,,,
150,69.1,61.1,,,
151,67.2,62.3,,,
152,65.5,64.7,,,
153,64.2,65.1,,,
154,63.6,68.3,,,
155,64.5,67.4,,,
156,65.2,64.8,,,
157,66.4,64.9,,,
158,66.4,66.9,,,
159,65.3,68,,,
160,65.1,69.6,,,
161,65,70.5,,,
162,63.9,70.2,,,
163,63.2,71.2,,,
164,63.5,69.5,,,
165,66.4,67,,,
166,67.4,65.9,,,
167,69.8,64.1,,,
168,69.8,62.7,,,
169,70.8,60.9,,,
170,71.4,59.2,,,
171,71.3,58.1,,,
172,68.9,56.5,,,
173,68.1,56.4,,,
174,66.5,57,,,
175,69,59.7,,,
176,71.3,62.2,,,
177,68.6,63.9,,,
178,64.5,66.5,,,
179,61.6,68.8,,,
180,61.3,73.1,,,
181,61.8,77.5,,,
182,64,75,,,
183,66.9,70.3,,,
184,68.7,71.3,,,
185,71.5,71.2,,,
186,75.8,67.7,,,
187,76.7,64.5,,,
188,73.3,65.8,,,
189,72.1,66.4,,,
190,73.2,66.2,,,
191,71.5,67.1,,,
192,69.5,69.5,,,
193,67.4,72.9,,,
194,68.7,72.8,,,
195,69.7,67.4,,,
196,68.9,64.4,,,
197,69.7,61.4,,,
198,71.3,63,,,
199,75.2,66.6,,,
200,74,66.9,,,
201,68.4,68,,,
202,64.2,69.4,,,
203,60.6,68,,,
204,60,64.2,,,
205,61.2,60.7,,,
206,64.6,60.2,,,
207,67.1,58.9,,,
208,67.6,59.8,,,
209,66.9,57.4,,,
210,65.1,56.8,,,
211,61.7,56,,,
212,59.5,55.4,,,
213,56.9,54.4,,,
214,53.9,52.8,,,
215,51.1,50.9,,,
216,49.6,49.7,,,
217,48,49.3,,,
218,48.6,49.1,,,
219,49.9,47.3,,,
220,51.9,49.2,,,
221,53.6,51.1,,,
222,53.2,52,,,
223,51.8,51,,,
224,53.1,52.2,,,
225,54.1,52.8,,,
226,53.3,53,,,
227,52.9,52.8,,,
228,53.4,53.4,,,
229,55,53,,,
230,54.8,53.6,,,
231,54,53.5,,,
232,53.4,53.5,,,
233,53.2,54.1,,,
234,53.3,54.2,,,
235,54,55.4,,,
236,54.6,57.2,,,
237,55.2,59.3,,,
238,55.1,62,,,
239,54.8,65.6,,,
240,55,68.6,,,
241,57.6,70.1,,,
242,62.3,68.9,,,
243,65.6,66.6,,,
244,65.8,65.6,,,
245,67.9,65.3,,,
246,69.7,64.5,,,
247,71.7,63.5,,,
248,71.6,64.6,,,
249,71.8,64.2,,,
250,70.5,63.6,,,
251,67.1,65.2,,,
252,66.3,65.6,,,
253,64.8,65.4,,,
254,64.4,65.7,,,
255,61.7,66.3,,,
256,60.1,62.7,,,
257,58.8,60.7,,,
258,56.9,58.6,,,
259,56.4,56.7,,,
260,55.4,56.3,,,
261,55.1,56.6,,,
262,56.1,54.7,,,
263,54,52.8,,,
264,53.4,51.5,,,
265,54.5,49.7,,,
266,61.2,46.8,,,
267,69.8,50,,,
268,70.8,53.5,,,
269,65,56,,,
270,64.6,58.8,,,
271,67.1,62,,,
272,64.7,66.9,,,
273,61.9,69.7,,,
274,62,67.1,,,
275,61.3,66.3,,,
276,60.7,66.6,,,
277,62,66.3,,,
278,63.4,66.5,,,
279,65.3,65.6,,,
280,68.8,63.4,,,
281,68.5,62.2,,,
282,64.8,61.5,,,
283,65.5,62.2,,,
284,67.9,63.7,,,
285,68.6,64.8,,,
286,68.1,67.4,,,
287,67.6,69.3,,,
288,67.1,72.3,,,
289,64.9,72.8,,,
290,64.5,69.9,,,
291,66.8,67.9,,,
292,70.5,66.9,,,
293,73.1,65.9,,,
294,74.4,64.8,,,
295,72.6,63.7,,,
296,69.8,59.9,,,
297,67,59.4,,,
298,63.4,58.2,,,
299,61.3,57.1,,,
300,59.5,55.9,,,
301,57.4,55.5,,,
302,56.1,55.1,,,
303,54.2,51.7,,,
304,50.7,51.4,,,
305,48.1,47.8,,,
306,46.9,43.2,,,
307,46.6,41,,,
308,46.5,40.9,,,
309,47.1,39.5,,,
310,48.2,39.5,,,
311,49.8,43.5,,,
312,50.8,48.5,,,
313,53.3,52,,,
314,56,53.5,,,
315,58.2,54.3,,,
316,58.8,54.8,,,
317,58.5,57.7,,,
318,57.5,61.1,,,
319,57.8,66.5,,,
320,57.5,68.8,,,
321,58.1,68.3,,,
322,61.2,68.7,,,
323,63.1,67.2,,,
324,65.7,64.7,,,
325,69.5,61.8,,,
326,70.8,60.4,,,
327,73.5,59.6,,,
328,72.1,56.7,,,
329,70.8,55.5,,,
330,67.8,57.5,,,
331,64.6,60.7,,,
332,63.3,63.5,,,
333,64.9,67,,,
334,66.5,71.2,,,
335,65.9,73.3,,,
336,66.1,68.7,,,
337,67.4,65.8,,,
338,68.2,66.9,,,
339,65.5,70.6,,,
340,67.2,69.8,,,
341,65.9,67.3,,,
342,63.3,66.3,,,
343,63.9,66.9,,,
344,66.2,65.2,,,
345,69.9,66.4,,,
346,70.4,67.6,,,
347,67.4,68.9,,,
348,64.5,68.1,,,
349,62.5,65.7,,,
350,62.4,65.4,,,
351,64.4,66.3,,,
352,67,65.7,,,
353,68.3,64.7,,,
354,65.5,64.3,,,
355,62.1,63.5,,,
356,62.5,64.7,,,
357,64.6,64.7,,,
358,65.3,64.2,,,
359,64.4,65.1,,,
360,64.1,64.6,,,
361,63.8,63.7,,,
362,63,62.4,,,
363,64.2,60.9,,,
364,65.7,62.2,,,
365,65.6,62.7,,,
366,65.7,62.2,,,
367,65.4,59.3,,,
368,64.3,57.3,,,
369,64.8,56.5,,,
370,62.4,55.9,,,
371,64.1,57.4,,,
372,63.7,59.6,,,
373,61.5,62.2,,,
374,59,63.1,,,
375,58.6,61.5,,,
376,57,62.4,,,
377,56.5,65.4,,,
378,59.9,66.2,,,
379,63.9,66.7,,,
380,65.9,67.3,,,
381,64.8,66.2,,,
382,64.3,63.1,,,
383,67.3,61,,,
384,72,60,,,
385,78.9,58.2,,,
386,76.8,56.8,,,
387,71.6,57.3,,,
388,67.3,61,,,
389,65.1,63.7,,,
390,66.4,68.8,,,
391,66.1,75.3,,,
392,66.6,76.7,,,
393,67.1,69.1,,,
394,66.2,65.9,,,
395,65,64.2,,,
396,65.4,66.3,,,
397,65.9,67.1,,,
398,67.7,66.9,,,
399,70.8,66.6,,,
400,69.5,63.5,,,
401,67.1,65.7,,,
402,65.6,65,,,
403,63.5,67.6,,,
404,61.8,68.6,,,
405,61.5,70.3,,,
406,62,70.7,,,
407,62.9,70.1,,,
408,64.5,68.6,,,
409,65.4,67.2,,,
410,66.3,67.2,,,
411,66.3,67.2,,,
412,67.8,68.1,,,
413,69.9,67.9,,,
414,68.8,68.2,,,
415,67.3,67.9,,,
416,65.8,66.1,,,
417,65,62.5,,,
418,64.2,59.2,,,
419,64.6,58.1,,,
420,65.5,55,,,
421,67,52.9,,,
422,69.1,51.9,,,
423,67.4,51.1,,,
424,65.2,51.5,,,
425,63,55,,,
426,60.6,57.9,,,
427,58.2,61.7,,,
428,56.9,64.7,,,
429,54.8,60.6,,,
430,54.6,59,,,
431,55.3,59.2,,,
432,56.6,60.5,,,
433,56.8,63,,,
434,57.9,64,,,
435,56.1,60.8,,,
436,55.6,58.1,,,
437,56.2,56.7,,,
438,58.3,56.1,,,
439,61,56.1,,,
440,64.1,58.7,,,
441,65.6,62.1,,,
442,64.6,65.1,,,
443,65.9,65.8,,,
444,68,66.5,,,
445,69.5,67,,,
446,67.3,69.1,,,
447,67.1,68.2,,,
448,71.5,66.3,,,
449,72,66.8,,,
450,69.3,66.9,,,
451,69.4,63.3,,,
452,68.2,62.8,,,
453,64.5,67.1,,,
454,63.9,70.1,,,
455,63.4,69.7,,,
456,62.3,71.5,,,
457,63,71.6,,,
458,63.8,68.7,,,
459,67,64.4,,,
460,70.2,62.3,,,
461,69.7,59.7,,,
462,73.3,59.9,,,
463,71.5,59.9,,,
464,69.6,62.5,,,
465,64.9,64.5,,,
466,62.1,67.3,,,
467,60.4,66.4,,,
468,60.4,69.2,,,
469,60.6,67.8,,,
470,60.9,63.4,,,
471,62.4,60,,,
472,65.4,57.1,,,
473,69.7,56,,,
474,68.8,55,,,
475,65.5,56,,,
476,61.3,57.7,,,
477,58.3,57.5,,,
478,57.5,59.5,,,
479,56.3,61.9,,,
480,56.3,65.2,,,
481,54.9,66.6,,,
482,56.2,66.1,,,
483,57.8,62.3,,,
484,59.6,60.1,,,
485,63.5,56.9,,,
486,66.1,55.9,,,
487,65.5,54.2,,,
488,63.9,52.8,,,
489,60.3,53.1,,,
490,57.8,52.8,,,
491,57.4,52.2,,,
492,63.9,53.8,,,
493,68.6,52.2,,,
494,67.4,50.2,,,
495,60.7,53,,,
496,62.3,57.2,,,
497,64,59.8,,,
498,63.7,63.2,,,
499,65.4,66,,,
500,65.1,63.1,,,
501,62.2,61.2,,,
502,60,64.9,,,
503,61,65.7,,,
504,64.6,65.7,,,
505,65.2,65.4,,,
506,62.6,65.8,,,
507,61.6,64,,,
508,63.4,64.8,,,
509,64.6,66.9,,,
510,66.4,67.3,,,
511,65.8,64.7,,,
512,67.5,61.2,,,
513,69.2,59.8,,,
514,66.6,59.7,,,
515,67.3,59.8,,,
516,66.6,62.4,,,
517,63.2,64.2,,,
518,60.3,67.2,,,
519,58.3,70.2,,,
520,58.4,69.2,,,
521,61.2,67.3,,,
522,61.4,66.3,,,
523,63.5,68.4,,,
524,65.8,70.2,,,
525,68.1,72.2,,,
526,69.2,70,,,
527,67.7,65.6,,,
528,66.7,63.2,,,
529,67.6,60.6,,,
530,70.6,59.5,,,
531,73.3,61.7,,,
532,72.1,65,,,
533,66.6,66.6,,,
534,61.6,66.7,,,
535,60.3,64.8,,,
536,61.6,65.1,,,
537,62,63.8,,,
538,64,59.3,,,
539,66.2,56.4,,,
540,65.4,54.1,,,
541,63.5,53.3,,,
542,60.1,51.6,,,
543,59,50.9,,,
544,62.2,50.5,,,
545,65.8,50.9,,,
546,65.5,53.3,,,
547,65.3,54,,,
548,64.7,57.1,,,
549,59.9,58.4,,,
550,57.1,60.9,,,
551,55.1,64.2,,,
552,55.8,63.4,,,
553,55.6,64,,,
554,55,61.5,,,
555,54.8,59.9,,,
556,56,59.9,,,
557,55.2,62.1,,,
558,55.3,67,,,
559,59,68,,,
560,62.3,69.1,,,
561,63.9,72.1,,,
562,61.4,71.8,,,
563,62.6,68.6,,,
564,64.1,67.5,,,
565,67.2,66.7,,,
566,70.6,66.4,,,
567,73.9,66,,,
568,72.1,65.3,,,
569,68.7,64.2,,,
570,66.7,63.6,,,
571,68.7,61.7,,,
572,67.7,60.3,,,
573,68,62.1,,,
574,68.2,60.8,,,
575,67.5,63.7,,,
576,66,67.4,,,
577,63.9,65.3,,,
578,62.5,64.8,,,
579,63,66.9,,,
580,64.5,70,,,
581,62.5,69.2,,,
582,61.7,66.1,,,
583,60.7,63,,,
584,63.1,60.9,,,
585,65.9,60.1,,,
586,68.5,62.3,,,
587,68.5,60.9,,,
588,66.7,56.7,,,
589,63.9,54.3,,,
590,61.2,53.9,,,
591,57.2,52.4,,,
592,52.8,50.2,,,
593,50.2,49.9,,,
594,49.9,50.2,,,
595,50.6,49.2,,,
596,49.6,49.2,,,
597,47.8,49.6,,,
598,47.4,49.4,,,
599,47.3,49.7,,,
600,49.6,51,,,
601,49.8,50,,,
602,49.9,53,,,
603,50.1,56.3,,,
604,51.7,58.5,,,
605,53,61.9,,,
606,53.3,64.1,,,
607,54.8,64.9,,,
608,56.7,67,,,
609,58,69.5,,,
610,61,68.8,,,
611,65.6,68.7,,,
612,67.2,70.4,,,
613,67,69.4,,,
614,68.7,66.1,,,
615,70.5,65.2,,,
616,70.7,64.8,,,
617,70.2,65,,,
618,70.4,65,,,
619,70.9,64.5,,,
620,70.5,63.6,,,
621,68.1,61.5,,,
622,66.4,62.9,,,
623,69.1,64.5,,,
624,71.5,60.4,,,
625,67.7,58.8,,,
626,62.2,58.1,,,
627,60.4,58.9,,,
628,58.5,63.2,,,
629,58.5,67.5,,,
630,58.1,65.6,,,
631,59.1,60.8,,,
632,59.3,61.3,,,
633,59,62,,,
634,58.3,64.4,,,
635,57.8,64.7,,,
636,57.5,62.1,,,
637,59.3,62.4,,,
638,60.1,64.7,,,
639,64.2,66.5,,,
640,66.1,66.8,,,
641,64.2,67.9,,,
642,60.3,68,,,
643,60.8,66.1,,,
644,64.4,65.6,,,
645,65.8,67.3,,,
646,67.6,68.4,,,
647,68,65.7,,,
648,67.7,63.8,,,
649,64.4,66,,,
650,64.5,65.2,,,
651,66.9,58.5,,,
652,67.3,57.1,,,
653,64.4,54.8,,,
654,59.8,51.8,,,
655,57.3,50.3,,,
656,54.6,48.2,,,
657,53.6,48.4,,,
658,55.5,48.6,,,
659,55.9,47,,,
660,56.5,46.5,,,
661,60.8,45.1,,,
662,65.1,46.9,,,
663,65.1,48.5,,,
664,60.8,51.6,,,
665,63.3,55.1,,,
666,70.3,57,,,
667,75.4,59.3,,,
668,73.6,63,,,
669,67.7,63.4,,,
670,65.6,62.4,,,
671,62.5,62.9,,,
672,63,68.8,,,
673,64.7,74.6,,,
674,64,71,,,
675,64.8,65.9,,,
676,64,67.7,,,
677,65,69.1,,,
678,65.3,67.3,,,
679,66.8,67.1,,,
680,68,66,,,
681,67.9,64.5,,,
682,67.5,63.7,,,
683,66.6,63.2,,,
684,65.9,61.5,,,
685,64.7,62.5,,,
686,63.4,61.9,,,
687,60.8,63.2,,,
688,58.7,63.5,,,
689,58.1,60.3,,,
690,58.1,61.8,,,
691,57.6,63.3,,,
692,57.7,65.6,,,
693,57.4,67.7,,,
694,58.4,68.8,,,
695,58.7,68.6,,,
696,60.1,68.6,,,
697,62.1,67.1,,,
698,65.9,66.6,,,
699,70.1,66.5,,,
700,75,65.2,,,
701,77.6,65.2,,,
702,74.8,65.1,,,
703,70.3,61.7,,,
704,69.3,59.6,,,
705,67.5,60.7,,,
706,67,63.5,,,
707,66.4,68.1,,,
708,66.8,75.4,,,
709,65.3,80,,,
710,64.2,74.8,,,
711,64.8,72.4,,,
712,65.2,71.4,,,
713,66.3,70.6,,,
714,66.7,68.2,,,
715,66.5,65.4,,,
716,66.9,63.8,,,
717,66.5,62.6,,,
718,68,62.6,,,
719,69.9,62.3,,,
720,69.4,63,,,
721,68.9,64.8,,,
722,68.1,67.3,,,
723,64,66.6,,,
724,65.9,63.4,,,
725,64.8,59.8,,,
726,66.2,61.5,,,
727,68.6,59.5,,,
728,69.9,58,,,
729,67.5,60.6,,,
730,63,64.2,,,
731,61,65.2,,,
732,58.4,65.9,,,
733,60.6,65.8,,,
734,64,65.2,,,
735,62.9,66.5,,,
736,62.4,65.3,,,
737,65.5,64.7,,,
738,67.7,64,,,
739,65.8,65.6,,,
740,65,66.5,,,
741,68.7,65.9,,,
742,69.5,66.3,,,
743,66.8,66.1,,,
744,65.3,64.9,,,
745,64.9,61.8,,,
746,65.2,63.3,,,
747,64.4,67.2,,,
748,64.1,66.5,,,
749,63.9,64.2,,,
750,62.5,67.2,,,
751,62,69.9,,,
752,63.8,68.9,,,
753,63.5,69.4,,,
754,62.3,69.9,,,
755,61.8,69.6,,,
756,63.9,69.3,,,
757,66.5,66.2,,,
758,69.6,65.8,,,
759,69.4,67.9,,,
760,67.8,68.4,,,
761,69,65.5,,,
762,71,65.3,,,
763,71.1,69.3,,,
764,70.2,68.7,,,
765,69,67.5,,,
766,67.4,68.2,,,
767,68.5,65.6,,,
768,71.3,63.4,,,
769,70.5,65.7,,,
770,67.7,67.7,,,
771,68.5,67.4,,,
772,70.6,68.4,,,
773,69.7,68.7,,,
774,67,67.5,,,
775,68,65.5,,,
776,70.3,63,,,
777,69.3,65.3,,,
778,68.7,67.1,,,
779,68.2,63.9,,,
780,68.3,61.1,,,
781,68.7,61.4,,,
782,67,64.4,,,
783,66.8,65.1,,,
784,66.1,61.2,,,
785,66.4,60.5,,,
786,68.5,64.5,,,
787,67.2,64.6,,,
788,67.3,65.1,,,
789,64.8,65,,,
790,61.7,64.3,,,
791,59.7,65.6,,,
792,59.3,64,,,
793,58.1,64.7,,,
794,56.5,62.7,,,
795,56.6,59.6,,,
796,56.4,59.5,,,
797,56,59.8,,,
798,55.4,60.8,,,
799,57,62.8,,,
800,54.5,64.1,,,
801,54.6,64,,,
802,54.9,62.7,,,
803,56.1,64.2,,,
804,58.8,64.1,,,
805,62.3,62.4,,,
806,64.5,59.8,,,
807,63,60.1,,,
808,61.8,62.4,,,
809,62.9,64.5,,,
810,63.8,65,,,
811,63.1,65.7,,,
812,65,66.3,,,
813,68.3,66.2,,,
814,66.9,66.5,,,
815,65.6,67.4,,,
816,65.6,66.2,,,
817,66.3,64.4,,,
818,67.9,64.5,,,
819,70.1,67,,,
820,70.9,66.8,,,
821,69.4,66.8,,,
822,68.6,67.3,,,
823,67.7,68.3,,,
824,66.3,70.4,,,
825,64.8,71.6,,,
826,66,72.2,,,
827,68.2,72.2,,,
828,69,68.9,,,
829,70.3,66.7,,,
830,72,67.8,,,
831,72.5,68.3,,,
832,73.5,67.1,,,
833,71.7,64.3,,,
834,68.4,63.8,,,
835,65.4,64.1,,,
836,65.8,65.5,,,
837,67.2,64.9,,,
838,65.1,63.5,,,
839,62.4,59.4,,,
840,62,59,,,
841,62.2,58.7,,,
842,65.3,57.4,,,
843,70.6,55.6,,,
844,75.7,55.8,,,
845,74.1,56.4,,,
846,69.4,58.7,,,
847,67.7,62.5,,,
848,67.3,64.6,,,
849,68.7,68.2,,,
850,68.7,75.1,,,
851,67.1,74.3,,,
852,66.7,67.7,,,
853,66.2,66.5,,,
854,66.8,64.9,,,
855,66.3,66.1,,,
856,66.1,69,,,
857,66.2,67.5,,,
858,65.3,65.6,,,
859,66.9,65.4,,,
860,69.1,65.2,,,
861,71.5,65.6,,,
862,70.5,66.9,,,
863,69.9,67.7,,,
864,68.9,69,,,
865,70.5,71.2,,,
866,72.5,71,,,
867,69.1,71.2,,,
868,66.2,71.4,,,
869,70,68.8,,,
870,71,67.4,,,
871,72.7,67,,,
872,71.9,68.2,,,
873,70.7,70.1,,,
874,69.4,69.4,,,
875,66.9,69.7,,,
876,69,71.7,,,
877,66.2,72.3,,,
878,65.3,67.8,,,
879,66.2,65.1,,,
880,69,63.8,,,
881,73.1,62.3,,,
882,73.3,60.7,,,
883,71.3,62.1,,,
884,65.7,64.3,,,
885,63.1,65,,,
886,58.6,66,,,
887,57.3,66.5,,,
888,57.2,65,,,
889,58.3,62,,,
890,62.2,59.6,,,
891,64.8,58,,,
892,67.5,56,,,
893,68.4,53.9,,,
894,69.5,53.1,,,
895,69,52,,,
896,66.4,54.3,,,
897,67.3,58.1,,,
898,67.7,61.7,,,
899,62.5,65.1,,,
900,61.5,64.9,,,
901,65.4,62.7,,,
902,67.1,65.2,,,
903,63.4,67.1,,,
904,60.2,61.7,,,
905,59.9,59.6,,,
906,58.1,60.3,,,
907,58,64.3,,,
908,57.6,63.6,,,
909,56.9,61.1,,,
910,56.1,62.4,,,
911,55.9,64.6,,,
912,57.2,67.6,,,
913,60,71.3,,,
914,60.2,73.7,,,
915,60.3,71.6,,,
916,62.3,71.8,,,
917,65.7,71.2,,,
918,68.6,67.6,,,
919,73.6,68.5,,,
920,72.1,70.8,,,
921,71.8,71.2,,,
922,73.2,70,,,
923,70.9,67.8,,,
924,67.2,68,,,
925,67.2,68.2,,,
926,70.6,67.9,,,
927,72.7,67.1,,,
928,71.1,66.6,,,
929,69.4,66.4,,,
930,69.1,66.8,,,
931,68.3,66.2,,,
932,68,64.2,,,
933,69,61.6,,,
934,69.9,60.1,,,
935,69.1,59.8,,,
936,66.6,60.5,,,
937,67.2,63.3,,,
938,65.6,66.9,,,
939,63.9,70,,,
940,62.2,69.3,,,
941,61.3,66.4,,,
942,62.3,64.8,,,
943,64.6,65,,,
944,67.7,64.4,,,
945,69.6,63,,,
946,68,58.4,,,
947,65.7,56.6,,,
948,65,56.2,,,
949,65.5,53.9,,,
950,65.4,50.3,,,
951,64.4,48.1,,,
952,64.1,47.3,,,
953,65.3,51,,,
954,64.8,54.1,,,
955,64.5,56.2,,,
956,60.9,58.7,,,
957,60.2,62.2,,,
958,59.3,67.2,,,
959,58,69.4,,,
960,58.9,70.3,,,
961,61.6,67.9,,,
962,63.6,63.4,,,
963,66.6,62,,,
964,70.6,64.6,,,
965,70.2,65.9,,,
966,68.6,65.1,,,
967,67.2,61.4,,,
968,64.4,59.6,,,
969,65.7,59,,,
970,66.1,59.7,,,
971,66.9,58.9,,,
972,66.6,61.4,,,
973,65.7,65.3,,,
974,64.9,64.4,,,
975,62.1,62,,,
976,60.2,63.6,,,
977,60.7,62.4,,,
978,63.6,62.9,,,
979,64.8,63,,,
980,63.5,64.5,,,
981,62.3,66.3,,,
982,62.9,67.3,,,
983,62.8,68.1,,,
984,63.8,69.9,,,
985,63.7,68,,,
986,64.1,64.9,,,
987,65.6,63.5,,,
988,67.8,59.9,,,
989,69.9,58.8,,,
990,69.3,58.4,,,
991,66,58.1,,,
992,65.2,57.1,,,
993,68.9,54.8,,,
994,68.9,54.3,,,
995,64,55.1,,,
996,60.2,57.8,,,
997,58,60.5,,,
998,58,65.1,,,
999,56.9,68.6,,,
1000,58.4,64.7,,,
1001,57.6,60.8,,,
1002,55.1,58.9,,,
1003,54.5,56.8,,,
1004,53.8,55.6,,,
1005,54.6,55.2,,,
1006,54.5,54,,,
1007,53.7,53.7,,,
1008,56,54.3,,,
1009,51.6,53.6,,,
1010,46.6,49.8,,,
1011,47.5,48.9,,,
1012,51.3,49.5,,,
1013,55.6,50.8,,,
1014,57.2,52.3,,,
1015,64.3,54.6,,,
1016,67.7,57.2,,,
1017,64.6,59.9,,,
1018,62.6,62,,,
1019,58.7,64,,,
1020,55.7,65.8,,,
1021,57.1,67,,,
1022,59.2,64.4,,,
1023,60.1,63.4,,,
1024,61.4,63,,,
1025,63,63.2,,,
1026,63.3,63.7,,,
1027,63.7,61.3,,,
1028,64.4,58,,,
1029,62.8,59.1,,,
1030,61.5,54.8,,,
1031,62.5,51.5,,,
1032,62.4,53.3,,,
1033,62.8,54.7,,,
1034,64.2,55.5,,,
1035,65.5,57.3,,,
1036,63.3,59.6,,,
1037,64.8,61.9,,,
1038,64.5,65.5,,,
1039,64.4,68.8,,,
1040,66.4,68.3,,,
1041,62.5,67,,,
1042,62.1,67.1,,,
1043,64.9,67.8,,,
1044,67.5,66.8,,,
1045,69.8,68.1,,,
1046,69.7,67.4,,,
1047,68.3,66.9,,,
1048,67.1,68.4,,,
1049,66,68.4,,,
1050,65.3,69.3,,,
1051,67.3,70.7,,,
1052,68.3,70.7,,,
1053,67.4,68.6,,,
1054,67.5,67.7,,,
1055,67.7,68.8,,,
1056,68.3,70.5,,,
1057,68.4,70.2,,,
1058,69.9,70.7,,,
1059,69.7,69.2,,,
1060,67,68.5,,,
1061,56,66.9,,,
1062,61.6,67.3,,,
1063,64.9,66.5,,,
1064,67.1,65.8,,,
1065,69,63.8,,,
1066,68.8,62.3,,,
1067,69.1,61.2,,,
1068,68.3,62.4,,,
1069,68,63.5,,,
1070,67.4,64.6,,,
1071,65.2,64.6,,,
1072,65.3,64.6,,,
1073,65.6,63.7,,,
1074,65.3,62.6,,,
1075,65,63.5,,,
1076,62.1,64.1,,,
1077,71.5,65.2,,,
1078,72.7,64.4,,,
1079,78.7,64.7,,,
1080,79.8,65.2,,,
1081,73.8,66.1,,,
1082,65.2,66,,,
1083,64.9,65.9,,,
1084,64.6,64,,,
1085,63.7,65.6,,,
1086,67.5,66.5,,,
1087,69.2,69.4,,,
1088,67.5,71.1,,,
1089,65.6,73.6,,,
1090,68.8,69.4,,,
1091,64.1,60.5,,,
1092,62.4,61.8,,,
1093,63.6,62.7,,,
1094,65.2,58.3,,,
1095,65.4,58.1,,,
1096,64.9,58.8,,,
1097,61.1,60,,,
1098,58.5,63.1,,,
1099,61.1,65.5,,,
1100,62.5,64.8,,,
1101,58.4,63.7,,,
1102,55.5,61.4,,,
1103,54.6,59.2,,,
1104,53.2,58.2,,,
1105,54.2,62.2,,,
1106,55.9,65.5,,,
1107,56.9,67.7,,,
1108,57.6,67.6,,,
1109,59.7,65.2,,,
1110,59.8,61.6,,,
1111,61.3,60.3,,,
1112,64.5,62.1,,,
1113,66.8,65.2,,,
1114,64.7,66.7,,,
1115,61.9,66.5,,,
1116,58.8,62.4,,,
1117,58.8,58.5,,,
1118,60.8,56.5,,,
1119,64.5,54.2,,,
1120,64.9,52.8,,,
1121,62.7,49.2,,,
1122,58.5,49.2,,,
1123,54.3,49.7,,,
1124,48.3,49.9,,,
1125,45.5,49.4,,,
1126,46.1,44.9,,,
1127,47.5,41.7,,,
1128,48.6,40,,,
1129,54.3,38.9,,,
1130,46.8,40.6,,,
1131,48.8,41.1,,,
1132,50.9,42.2,,,
1133,50.8,42.1,,,
1134,50.2,41.4,,,
1135,51.3,42.9,,,
1136,51.5,44.8,,,
1137,53.4,47.6,,,
1138,53,49.8,,,
1139,53.9,51.2,,,
1140,54.5,52.6,,,
1141,55.4,56.1,,,
1142,55.6,59.6,,,
1143,56.7,63.2,,,
1144,57.4,65.8,,,
1145,59.7,67,,,
1146,63.1,66.6,,,
1147,67.5,68,,,
1148,71.9,68.2,,,
1149,75.1,64.5,,,
1150,73.3,61.4,,,
1151,70.9,60,,,
1152,70.5,61.4,,,
1153,70.9,65.7,,,
1154,69.1,70,,,
1155,68,73.1,,,
1156,66.1,73.8,,,
1157,66.7,73.6,,,
1158,67.4,73.9,,,
1159,70.7,69.6,,,
1160,76.3,66.5,,,
1161,76.6,66.4,,,
1162,74.2,66.1,,,
1163,72.3,65.5,,,
1164,69.8,64.1,,,
1165,67.4,65.5,,,
1166,66.9,71.7,,,
1167,66.8,73.3,,,
1168,67.4,67.8,,,
1169,66.5,66.1,,,
1170,66.7,63.1,,,
1171,68.5,62.8,,,
1172,70.2,62.7,,,
1173,67.8,64.5,,,
1174,66.4,64.7,,,
1175,65.3,62.8,,,
1176,67.9,63.1,,,
1177,69.4,63.5,,,
1178,67.6,66.4,,,
1179,65.9,67.7,,,
1180,63.8,65.2,,,
1181,63.6,64.1,,,
1182,62.2,64.8,,,
1183,61.8,66.7,,,
1184,62.8,67.3,,,
1185,63.5,64.6,,,
1186,63,64.3,,,
1187,62.7,66,,,
1188,62.3,68.5,,,
1189,60.8,70.7,,,
1190,59.8,69.5,,,
1191,59.4,65.2,,,
1192,62.4,61.4,,,
1193,66,58.8,,,
1194,69.6,57.8,,,
1195,71.9,56.9,,,
1196,70.4,54.1,,,
1197,67.5,52.9,,,
1198,65.5,52.5,,,
1199,61.5,52.7,,,
1200,54.8,52.1,,,
1201,51.8,50.9,,,
1202,50.1,50,,,
1203,50.8,48.7,,,
1204,50.4,45.1,,,
1205,50.7,41.7,,,
1206,52.8,41.5,,,
1207,54,42.2,,,
1208,53.8,42.6,,,
1209,54.1,42.7,,,
1210,56.2,43.6,,,
1211,57.8,45.2,,,
1212,59.6,48.3,,,
1213,64.9,51.8,,,
1214,70.1,53.4,,,
1215,71.7,55.2,,,
1216,68.2,57.7,,,
1217,66,61.1,,,
1218,64.3,63.9,,,
1219,66.2,66.7,,,
1220,65.6,70.3,,,
1221,64.6,69.4,,,
1222,65.4,69.5,,,
1223,63.9,69.6,,,
1224,64.9,71.1,,,
1225,65.6,72.3,,,
1226,66.1,71.5,,,
1227,67.4,70.3,,,
1228,69.7,68.4,,,
1229,71.2,66.9,,,
1230,73.6,65.7,,,
1231,72.8,65.9,,,
1232,73.3,66,,,
1233,72.8,66.6,,,
1234,71.7,67,,,
1235,71.4,67.9,,,
1236,69.7,68.3,,,
1237,68.1,68.4,,,
1238,66.1,65.8,,,
1239,65.8,65.6,,,
1240,65.1,66.8,,,
1241,65.7,69.6,,,
1242,66.3,67.2,,,
1243,66.2,64.2,,,
1244,65.8,63,,,
1245,64.8,62.3,,,
1246,64.8,62.2,,,
1247,64.3,59.3,,,
1248,63.1,56.3,,,
1249,63,57.4,,,
1250,62.6,60.2,,,
1251,60.3,56.6,,,
1252,57.7,55,,,
1253,56,53.2,,,
1254,55.5,54.6,,,
1255,55.3,58.1,,,
1256,56.2,59.4,,,
1257,56.5,59,,,
1258,57.6,57,,,
1259,59.5,58.1,,,
1260,63.8,60.5,,,
1261,66.7,59.6,,,
1262,69.5,62.1,,,
1263,69.9,64.5,,,
1264,68.8,66.3,,,
1265,67.3,68.8,,,
1266,65.3,72.4,,,
1267,62.8,72.4,,,
1268,64.5,70.6,,,
1269,67.9,70.5,,,
1270,69.3,71,,,
1271,72.7,69.9,,,
1272,74.5,70.3,,,
1273,73,67.4,,,
1274,72.3,64.2,,,
1275,73.8,62.2,,,
1276,71.3,64.7,,,
1277,71.9,65.1,,,
1278,69.8,63.4,,,
1279,66.7,67.3,,,
1280,65.9,70.4,,,
1281,70.3,66.7,,,
1282,73.4,63.4,,,
1283,73.4,61.4,,,
1284,71.7,60.2,,,
1285,67.2,61.4,,,
1286,64,64.3,,,
1287,62.6,67.2,,,
1288,62.2,68.9,,,
1289,62.9,69,,,
1290,61,68,,,
1291,58.3,64.3,,,
1292,58.5,64.1,,,
1293,60.2,65.2,,,
1294,60.7,64.5,,,
1295,61.1,65.3,,,
1296,59.5,65.3,,,
1297,59.7,61.8,,,
1298,59,58.3,,,
1299,60,56.6,,,
1300,61.2,54.7,,,
1301,63.4,53.3,,,
1302,63.4,49.6,,,
1303,60.6,47.2,,,
1304,57.5,45.6,,,
1305,60.5,44.7,,,
1306,63.9,44.8,,,
1307,64.1,47.7,,,
1308,60.2,49.9,,,
1309,54.8,53.4,,,
1310,54.3,56.6,,,
1311,55.6,61.4,,,
1312,54.8,65.2,,,
1313,55.3,62.2,,,
1314,55.4,58.7,,,
1315,54,56.8,,,
1316,53.6,55.1,,,
1317,53.7,55.5,,,
1318,54.4,58.7,,,
1319,55.5,61,,,
1320,55.6,63.3,,,
1321,56.2,65.8,,,
1322,55.1,66.7,,,
1323,54.8,66.3,,,
1324,56.8,66.1,,,
1325,59.9,66.5,,,
1326,63.4,65.4,,,
1327,66.6,63.7,,,
1328,66.4,63.4,,,
1329,65.4,65.3,,,
1330,66.4,66,,,
1331,66.5,64.6,,,
1332,65.8,66,,,
1333,64.1,66.4,,,
1334,62.6,65.2,,,
1335,65.2,65,,,
1336,65.5,62.8,,,
1337,65.8,59.4,,,
1338,67.7,58.2,,,
1339,68.3,57,,,
1340,67,56,,,
1341,69,55.7,,,
1342,67.9,56.8,,,
1343,65.1,60.7,,,
1344,66.1,63.4,,,
1345,69.2,63.3,,,
1346,72,66.2,,,
1347,70.9,63.2,,,
1348,67.7,60.9,,,
1349,67.1,62.2,,,
1350,66.6,66,,,
1351,65.9,67.3,,,
1352,64.6,70.8,,,
1353,62.6,68.2,,,
1354,61.1,66.2,,,
1355,61.2,66.9,,,
1356,60.9,65.8,,,
1357,61.2,63.7,,,
1358,63.6,65.3,,,
1359,64.9,65.5,,,
1360,64.1,64.3,,,
1361,61.6,67,,,
1362,60.3,66,,,
1363,59,62.5,,,
1364,59.9,62,,,
1365,62.9,62.8,,,
1366,65,61.3,,,
1367,67.5,59.9,,,
1368,67,62.3,,,
1369,63.5,65.1,,,
1370,61.2,66.5,,,
1371,59.3,65.1,,,
1372,59.4,63.2,,,
1373,59,64.3,,,
1374,60.9,66,,,
1375,62.3,67.6,,,
1376,63,66.9,,,
1377,62.7,65.9,,,
1378,61.9,67.7,,,
1379,62.8,68.5,,,
1380,65.7,64.6,,,
1381,67,66.1,,,
1382,66.4,66.6,,,
1383,66.3,63.6,,,
1384,67.7,62.3,,,
1385,68.3,63.7,,,
1386,67.1,65.3,,,
1387,66.7,67.1,,,
1388,65.9,67.5,,,
1389,64,68,,,
1390,65.4,70.3,,,
1391,65.7,70,,,
1392,67.4,66.1,,,
1393,69.5,62.6,,,
1394,69.6,60.1,,,
1395,70.8,62.8,,,
1396,68.9,65.7,,,
1397,64.2,67.6,,,
1398,61.4,68.1,,,
1399,65.5,66.9,,,
1400,70.9,63.8,,,
1401,69.6,60.6,,,
1402,69,60.9,,,
1403,67.6,61.9,,,
1404,67.1,65.4,,,
1405,66.8,67.9,,,
1406,66.8,63.5,,,
1407,64.4,60.3,,,
1408,68.4,61.3,,,
1409,71.4,63.7,,,
1410,69.5,65.2,,,
1411,64.8,65.1,,,
1412,60.9,63.5,,,
1413,59.8,63.1,,,
1414,58.3,66.7,,,
1415,58.5,70.3,,,
1416,58.3,68.1,,,
1417,59,62.5,,,
1418,59.2,58.8,,,
1419,58,57.9,,,
1420,57.7,56.7,,,
1421,58.4,57.1,,,
1422,60.4,57.8,,,
1423,63.6,55.6,,,
1424,64.1,54.5,,,
1425,60.5,55.7,,,
1426,58.6,55.8,,,
1427,60,56.8,,,
1428,63.7,59,,,
1429,63.4,62.3,,,
1430,59.4,60.8,,,
1431,57.8,58.1,,,
1432,63.7,57.6,,,
1433,68.1,56.8,,,
1434,66.6,58.3,,,
1435,59.6,60.5,,,
1436,56.5,60,,,
1437,56,60,,,
1438,54.9,63.1,,,
1439,54.5,61.2,,,
1440,53.8,56.7,,,
1441,53.3,55.5,,,
1442,54,58.1,,,
1443,56.5,61.3,,,
1444,56,63.3,,,
1445,56.1,65,,,
1446,57.6,63.4,,,
1447,57.6,62.9,,,
1448,59,64.8,,,
1449,62,66.4,,,
1450,65.2,64.9,,,
1451,65.1,60.6,,,
1452,62.8,58.6,,,
1453,63.2,57.5,,,
1454,66,56.2,,,
1455,66.7,54,,,
1456,64.1,53.1,,,
1457,64.6,54.4,,,
1458,63.1,56,,,
1459,59,59.4,,,
1460,58.2,62.4,,,
1461,61.8,65.9,,,
1462,63.6,67.7,,,
1463,64,66.4,,,
1464,64.6,64.3,,,
1465,63.5,60.7,,,
1466,65.8,58,,,
1467,65.6,60.4,,,
1468,67.5,60.3,,,
1469,68.6,61.6,,,
1470,69,62.2,,,
1471,70.1,62.7,,,
1472,70.6,63.6,,,
1473,68.7,62.6,,,
1474,67.8,65.1,,,
1475,65.8,64.3,,,
1476,67.6,64,,,
1477,71.1,66.5,,,
1478,70.2,66.6,,,
1479,65.4,64.6,,,
1480,62.8,64.4,,,
1481,62.6,63.8,,,
1482,65.9,67,,,
1483,71.8,69.3,,,
1484,76.6,67.6,,,
1485,74.7,63.2,,,
1486,71.4,62.1,,,
1487,68.3,61.1,,,
1488,66,60.9,,,
1489,63,64.2,,,
1490,62.8,64,,,
1491,62.9,63.4,,,
1492,63.7,67.1,,,
1493,65.1,72.1,,,
1494,65.3,75.8,,,
1495,65.5,73.6,,,
1496,65.6,69.6,,,
1497,63.1,66.8,,,
1498,61.5,65.6,,,
1499,61,66.4,,,
1500,61.4,66.9,,,
1501,64.1,67.3,,,
1502,67.4,66.5,,,
1503,67.1,67,,,
1504,67.6,67.4,,,
1505,67.6,67.2,,,
1506,70.7,65.3,,,
1507,72.3,64.1,,,
1508,70.4,64.7,,,
1509,68.6,65.4,,,
1510,66.6,66.3,,,
1511,65.4,68,,,
1512,64,69.1,,,
1513,62.9,65.4,,,
1514,62.8,62.7,,,
1515,61.3,61.5,,,
1516,58.8,61,,,
1517,59.9,60.9,,,
1518,66.6,58.2,,,
1519,70.7,58.5,,,
1520,67.6,61.2,,,
1521,62.2,64.8,,,
1522,59.6,68,,,
1523,59.8,70.7,,,
1524,57.4,66.2,,,
1525,56.7,62.7,,,
1526,57.9,60.4,,,
1527,57.4,60.3,,,
1528,59.2,64.8,,,
1529,60.6,67.2,,,
1530,63.9,70.2,,,
1531,62.2,73.2,,,
1532,61.4,74.1,,,
1533,62.3,72.9,,,
1534,64.2,73,,,
1535,66.6,72.8,,,
1536,71.2,72.6,,,
1537,74.8,71.2,,,
1538,74.8,68.4,,,
1539,74.7,67.4,,,
1540,74,66.4,,,
1541,74.6,63.9,,,
1542,73.8,59.6,,,
1543,71,56.8,,,
1544,68.6,59.5,,,
1545,69.3,62.7,,,
1546,69.2,65.1,,,
1547,68.9,66,,,
1548,69.2,62.7,,,
1549,68.7,61.7,,,
1550,68.3,64.6,,,
1551,68.7,68.1,,,
1552,68.7,69.6,,,
1553,67.8,70.3,,,
1554,67.7,69.9,,,
1555,69.4,69.9,,,
1556,70.5,70,,,
1557,69.2,71.2,,,
1558,69.5,70.2,,,
1559,71.3,70.5,,,
1560,74.4,69.6,,,
1561,72.9,70.1,,,
1562,71.2,69.4,,,
1563,71.7,68.2,,,
1564,71.5,65,,,
1565,72.4,65,,,
1566,72,66.8,,,
1567,69.9,69.5,,,
1568,68.7,67.9,,,
1569,70.3,65.5,,,
1570,69.7,63.3,,,
1571,68.7,66.1,,,
1572,66.2,66,,,
1573,63.1,65.5,,,
1574,62.2,64.4,,,
1575,63.4,63.5,,,
1576,64.6,64.6,,,
1577,67,61.6,,,
1578,67.4,61.7,,,
1579,66.6,61.3,,,
1580,63.1,61.4,,,
1581,62.5,57.9,,,
1582,55.7,55,,,
1583,51.1,55.1,,,
1584,52.6,58.1,,,
1585,60.7,55,,,
1586,56.5,59,,,
1587,49.8,59.1,,,
1588,48.2,55.7,,,
1589,47.6,63.6,,,
1590,48,64.5,,,
1591,46.5,66.8,,,
1592,47.1,61.5,,,
1593,45.9,54.8,,,
1594,45.6,51,,,
1595,45.9,49.7,,,
1596,45.8,52.8,,,
1597,46.4,52.4,,,
1598,60.2,55.1,,,
1599,62.6,55.6,,,
1600,62.1,56.4,,,
1601,60.4,57.3,,,
1602,61,58.3,,,
1603,57.7,61.1,,,
1604,58.5,66.9,,,
1605,57.7,70.9,,,
1606,58.8,72.9,,,
1607,58.2,70.3,,,
1608,60.2,67.6,,,
1609,64.7,63.6,,,
1610,70,60.6,,,
1611,73.6,59.6,,,
1612,72.9,59,,,
1613,70.1,58.4,,,
1614,66,57.2,,,
1615,60.7,55.5,,,
1616,61.6,55.3,,,
1617,66.1,55.2,,,
1618,62.5,53.1,,,
1619,56.3,53.9,,,
1620,53.1,56.3,,,
1621,52.8,59.2,,,
1622,51.8,63.3,,,
1623,52.5,61.3,,,
1624,53.1,57.3,,,
1625,53.5,55,,,
1626,53.9,58,,,
1627,56.2,62.7,,,
1628,60.2,65.7,,,
1629,64.2,67.3,,,
1630,65.8,64.9,,,
1631,66.7,61.1,,,
1632,69.8,60.1,,,
1633,71.2,59.1,,,
1634,71.2,61.9,,,
1635,69.5,65.1,,,
1636,70.2,65,,,
1637,71,68.2,,,
1638,68.6,69.2,,,
1639,67.7,69.3,,,
1640,66.7,68.4,,,
1641,67.5,70.2,,,
1642,68.2,71.1,,,
1643,69.7,70.8,,,
1644,68.8,67.5,,,
1645,67,67.9,,,
1646,69.4,67.7,,,
1647,70.4,66.5,,,
1648,68.5,68.6,,,
1649,69.8,68.1,,,
1650,71.5,68.5,,,
1651,70.2,68.1,,,
1652,68.9,69.2,,,
1653,68.3,70.8,,,
1654,66.8,70.9,,,
1655,68.5,69.8,,,
1656,68.2,71.3,,,
1657,67.3,69.2,,,
1658,69.1,69.2,,,
1659,71.7,68.5,,,
1660,71.6,66.6,,,
1661,68.8,62.3,,,
1662,67.1,60.8,,,
1663,67.4,59.3,,,
1664,67,60.9,,,
1665,67.8,61.2,,,
1666,68.1,58.9,,,
1667,66.7,59.9,,,
1668,63.5,60.1,,,
1669,64.1,56.5,,,
1670,66.4,55.6,,,
1671,62.2,58.3,,,
1672,58,61.4,,,
1673,57.1,61.1,,,
1674,59.8,61.4,,,
1675,66.1,60.5,,,
1676,64.8,61.8,,,
1677,59.9,62,,,
1678,59,60.2,,,
1679,57.8,61,,,
1680,57.1,64.7,,,
1681,56.6,64.1,,,
1682,57.3,65.1,,,
1683,60.1,66.2,,,
1684,58.9,66.9,,,
1685,57.3,66.9,,,
1686,61.1,67,,,
1687,63.6,65.4,,,
1688,63.6,65.3,,,
1689,65,62.5,,,
1690,66.6,59.7,,,
1691,66.8,58.4,,,
1692,67.4,58.7,,,
1693,67,61.9,,,
1694,65.1,64.9,,,
1695,65.2,65.6,,,
1696,63.7,66.4,,,
1697,62,66.6,,,
1698,61.1,65.5,,,
1699,61.6,62.1,,,
1700,62.9,59.3,,,
1701,64.9,57.2,,,
1702,66.2,55.1,,,
1703,66.5,54.9,,,
1704,64.9,56.2,,,
1705,65.3,55.2,,,
1706,67.8,51.8,,,
1707,66.5,52.8,,,
1708,62.2,54.8,,,
1709,66.3,57.6,,,
1710,72.3,60.2,,,
1711,71.5,64.3,,,
1712,70.9,65.8,,,
1713,69.6,64.2,,,
1714,65.4,65.1,,,
1715,63.8,69.6,,,
1716,64.1,73,,,
1717,64.3,70.9,,,
1718,64.2,69.1,,,
1719,64.7,66.7,,,
1720,64.6,64.4,,,
1721,65.7,63.3,,,
1722,67.3,63,,,
1723,67.5,63.7,,,
1724,67.9,63.4,,,
1725,66.3,65.1,,,
1726,61.6,66.2,,,
1727,59.4,67.6,,,
1728,58.3,67.1,,,
1729,59.9,65.7,,,
1730,61.9,66.6,,,
1731,64.2,65,,,
1732,66.5,60.6,,,
1733,67.7,56.6,,,
1734,65.1,56.5,,,
1735,63.1,57.2,,,
1736,64.9,58.4,,,
1737,65.6,59.5,,,
1738,62.6,61.9,,,
1739,60.2,65,,,
1740,55.9,67.2,,,
1741,54.5,65.9,,,
1742,55.4,61.5,,,
1743,58.3,59.7,,,
1744,62.2,61.4,,,
1745,66.7,64,,,
1746,66.3,64.5,,,
1747,63,64,,,
1748,59.5,62.4,,,
1749,59.5,66.2,,,
1750,61.9,68.6,,,
1751,66.2,69.8,,,
1752,66.7,67.7,,,
1753,63.3,62.7,,,
1754,61.1,59.6,,,
1755,63.1,56.9,,,
1756,67.8,56.6,,,
1757,70.3,54.5,,,
1758,68.3,52.7,,,
1759,66.7,52.9,,,
1760,64,53.6,,,
1761,62.8,58.4,,,
1762,63.6,63.7,,,
1763,64.5,66.4,,,
1764,66.5,69.6,,,
1765,66.1,69.9,,,
1766,66.4,66.2,,,
1767,64.7,62.1,,,
1768,63.6,63.9,,,
1769,67.6,64.3,,,
1770,70.5,66.5,,,
1771,70.4,67.3,,,
1772,68,67.5,,,
1773,63.7,64.3,,,
1774,62,62.7,,,
1775,62.5,65.9,,,
1776,62.2,67.1,,,
1777,64.2,67.4,,,
1778,65.3,69.5,,,
1779,62.5,70.3,,,
1780,62.3,70.6,,,
1781,62.5,69,,,
1782,64.7,67.3,,,
1783,66.1,67.6,,,
1784,67.7,67.5,,,
1785,69.9,67.1,,,
1786,70.4,66.7,,,
1787,69.2,64.8,,,
1788,67,66.2,,,
1789,66.4,66.8,,,
1790,66.7,68.6,,,
1791,66.4,70.5,,,
1792,66.2,69,,,
1793,66.2,65.7,,,
1794,64.7,61.9,,,
1795,64.3,60.3,,,
1796,66.3,55.6,,,
1797,69,54.1,,,
1798,70.8,54.4,,,
1799,69.4,53,,,
1800,66.5,51,,,
1801,61.5,50.7,,,
1802,58.5,53.7,,,
1803,56.5,54.3,,,
1804,56.8,55.3,,,
1805,54.1,56,,,
1806,53,58.6,,,
1807,52.1,62.8,,,
1808,51.1,65.5,,,
1809,53.3,68.6,,,
1810,55.4,67.1,,,
1811,56.6,67.1,,,
1812,59.5,68.5,,,
1813,63.4,68.7,,,
1814,67.6,65.5,,,
1815,70.1,62.7,,,
1816,69.9,60.5,,,
1817,73,59.5,,,
1818,71.6,58.8,,,
1819,66.7,60.6,,,
1820,62.7,65.4,,,
1821,64.1,67.9,,,
1822,64.2,71.4,,,
1823,66.3,67.3,,,
1824,69.8,61.5,,,
1825,68.7,59.5,,,
1826,66.8,58.7,,,
1827,67,61.9,,,
1828,66.1,61.7,,,
1829,64.7,62.3,,,
1830,64.5,65.6,,,
1831,64.4,66.4,,,
1832,65.2,63.4,,,
1833,65.7,64.7,,,
1834,65.8,63.3,,,
1835,62.7,63.3,,,
1836,61.4,63.5,,,
1837,59.5,65,,,
1838,58.6,65.3,,,
1839,57.3,66.5,,,
1840,57.9,66.3,,,
1841,59.2,66.9,,,
1842,60.6,67.7,,,
1843,62.2,68.1,,,
1844,64.1,68.2,,,
1845,66.8,70,,,
1846,66.9,72.7,,,
1847,66.9,74.5,,,
1848,68.6,70.4,,,
1849,66.7,66.8,,,
1850,65,65.7,,,
1851,69.5,60.9,,,
1852,71,59.2,,,
1853,73.2,62.2,,,
1854,71.6,63.6,,,
1855,66.8,58.6,,,
1856,64.4,58.2,,,
1857,65.8,62,,,
1858,68.2,61.9,,,
1859,70.6,59.2,,,
1860,70.4,57.5,,,
1861,65.7,58.7,,,
1862,62.3,61,,,
1863,61.2,64.5,,,
1864,60.3,65.6,,,
1865,59.4,68.2,,,
1866,62,71.3,,,
1867,63.1,71,,,
1868,66.7,68.1,,,
1869,66.9,68.4,,,
1870,67.2,68.7,,,
1871,70.5,68,,,
1872,70.3,68.3,,,
1873,69,69.6,,,
1874,68.7,69.5,,,
1875,68.3,69,,,
1876,68.9,70.6,,,
1877,68.7,72,,,
1878,67.6,71.9,,,
1879,68.6,68.2,,,
1880,67.8,66.4,,,
1881,67.7,65.6,,,
1882,68.2,68.2,,,
1883,67.9,67.9,,,
1884,70.4,64.8,,,
1885,70.2,61.7,,,
1886,67.8,60.2,,,
1887,64.6,58.7,,,
1888,63.8,57.5,,,
1889,65.9,55.8,,,
1890,67,55.1,,,
1891,65.5,57.5,,,
1892,63.6,57.3,,,
1893,65.8,58.4,,,
1894,64.6,60.9,,,
1895,61.5,64,,,
1896,60,67.2,,,
1897,63.9,66.9,,,
1898,65.8,65.9,,,
1899,64.3,64.3,,,
1900,61.5,65.5,,,
1901,62.9,67.2,,,
1902,64.6,67.6,,,
1903,65.9,67.6,,,
1904,65,67.1,,,
1905,63.2,66.7,,,
1906,63.5,67.8,,,
1907,64.7,66.4,,,
1908,66.7,67.4,,,
1909,67.4,67.2,,,
1910,67.1,68,,,
1911,65.1,68.7,,,
1912,65,69.2,,,
1913,65.4,69.4,,,
1914,64.1,68.8,,,
1915,64.7,68,,,
1916,65.6,68.6,,,
1917,67.6,68.7,,,
1918,68.6,65.9,,,
1919,68.7,64.4,,,
1920,69.1,61.3,,,
1921,68.3,61.2,,,
1922,68.5,60.6,,,
1923,68.7,59.5,,,
1924,67.9,60.4,,,
1925,66.7,62,,,
1926,66.7,64.5,,,
1927,63.4,67.2,,,
1928,60.8,68,,,
1929,56.9,67.1,,,
1930,58.4,66.2,,,
1931,62.5,65.9,,,
1932,64.9,63.3,,,
1933,66.4,60.9,,,
1934,69.2,61.7,,,
1935,68.7,58.4,,,
1936,67.4,58.6,,,
1937,65.8,57.4,,,
1938,65,58.3,,,
1939,66.5,59.6,,,
1940,74.5,61.3,,,
1941,79.8,64,,,
1942,74.2,67,,,
1943,66,68.6,,,
1944,62,69.3,,,
1945,64.3,73.3,,,
1946,67.1,78.6,,,
1947,67.5,74.4,,,
1948,67.8,69.6,,,
1949,67.7,64.4,,,
1950,67.5,64.1,,,
1951,66.7,62.9,,,
1952,67.4,63.7,,,
1953,68.3,61.3,,,
1954,65.8,60.3,,,
1955,61.7,58.3,,,
1956,57.5,55.7,,,
1957,52.1,50.5,,,
1958,47.3,46.8,,,
1959,46.3,43.7,,,
1960,46,42.7,,,
1961,45.6,42.7,,,
1962,45.7,42.4,,,
1963,45.6,41,,,
1964,45.6,40.4,,,
1965,44.9,43.1,,,
1966,44.6,46.3,,,
1967,45.4,49.7,,,
1968,48.3,52.4,,,
1969,51.9,52.9,,,
1970,54.1,52.3,,,
1971,53.7,52.8,,,
1972,52.8,55.9,,,
1973,53.3,60.5,,,
1974,54.4,63.5,,,
1975,55.4,65.2,,,
1976,56,64.2,,,
1977,56.6,60.5,,,
1978,60,59.8,,,
1979,65,60.7,,,
1980,69.4,64,,,
1981,69,67.7,,,
1982,66.8,68.6,,,
1983,64.6,65.5,,,
1984,64.9,63.5,,,
1985,67.1,65.4,,,
1986,68.8,68.4,,,
1987,68.7,69.5,,,
1988,65,67.1,,,
1989,63.5,64.6,,,
1990,64.4,62.6,,,
1991,65.8,61.7,,,
1992,67,61.6,,,
1993,65.2,62.9,,,
1994,62.7,61.5,,,
1995,60.6,61.9,,,
1996,58.4,62.9,,,
1997,57.4,66.2,,,
1998,58.1,66.6,,,
1999,62.1,65.9,,,
2000,64,61.4,,,
2001,63.2,61.6,,,
2002,64.4,60.6,,,
2003,68,60.7,,,
2004,67.8,62,,,
2005,63.5,60,,,
2006,58.9,60,,,
2007,57.8,61.8,,,
2008,57.8,61.4,,,
2009,58.4,59.8,,,
2010,61,61.1,,,
2011,64.5,65,,,
2012,67.4,67.1,,,
2013,65.8,68.8,,,
2014,63.2,67.7,,,
2015,60.5,64.6,,,
2016,64.2,62.1,,,
2017,67.9,60.9,,,
2018,71.2,63.9,,,
2019,69.2,66.5,,,
2020,66.5,64,,,
2021,63.5,60.3,,,
2022,60.8,59.4,,,
2023,57.9,61.7,,,
2024,59,65.2,,,
2025,58.2,68,,,
2026,58.2,68.7,,,
2027,58.6,68.9,,,
2028,59.9,67.7,,,
2029,64.2,66.3,,,
2030,66.8,65.4,,,
2031,67.9,64.5,,,
2032,68.5,66,,,
2033,69.1,67.3,,,
2034,66.9,67.8,,,
2035,64.8,70.5,,,
2036,66.3,70.4,,,
2037,67,67.9,,,
2038,67.5,68.3,,,
2039,68.7,68.6,,,
2040,72.2,68.2,,,
2041,76.4,68.3,,,
2042,75.1,66.6,,,
2043,73.1,64.6,,,
2044,75.1,65.2,,,
2045,75.1,66.5,,,
2046,72.6,67.3,,,
2047,70.9,70.5,,,
2048,70,75.1,,,
2049,68.6,71.5,,,
2050,67.9,72.1,,,
2051,67.5,75.1,,,
2052,67.4,72.7,,,
2053,67.4,70.1,,,
2054,66.8,71.3,,,
2055,66.7,69.3,,,
2056,65.9,72.7,,,
2057,65.8,73.7,,,
2058,64.2,71.4,,,
2059,64.9,68.4,,,
2060,65,66.9,,,
2061,66,65.9,,,
2062,65.4,65.8,,,
2063,64.9,64.8,,,
2064,67.3,64.3,,,
2065,70.5,63.3,,,
2066,69.6,65,,,
2067,67.6,65.8,,,
2068,68,63.3,,,
2069,71.3,62.2,,,
2070,72.8,63.9,,,
2071,70.7,67.2,,,
2072,66.6,66.3,,,
2073,65.5,64.4,,,
2074,64.1,63.6,,,
2075,62.7,64.6,,,
2076,62.5,68.5,,,
2077,62.2,72.6,,,
2078,63,69.7,,,
2079,63.3,63.3,,,
2080,63.1,60.8,,,
2081,62.8,59.8,,,
2082,61.8,60.9,,,
2083,62.4,63.4,,,
2084,61,62.7,,,
2085,58.2,59.9,,,
2086,58,59.6,,,
2087,57.8,58.9,,,
2088,58.1,57.3,,,
2089,62.9,57.9,,,
2090,65.6,58.9,,,
2091,64.2,61,,,
2092,64.8,64.3,,,
2093,64.2,66.6,,,
2094,61.2,68.4,,,
2095,62.5,67.6,,,
2096,65.2,66.1,,,
2097,66.7,65.9,,,
2098,66.9,69.2,,,
2099,69.8,68.2,,,
2100,68.5,64.4,,,
2101,66.5,63.7,,,
2102,67,66.8,,,
2103,71,67.6,,,
2104,71,66.9,,,
2105,67.4,64.1,,,
2106,64.5,62.2,,,
2107,68.4,62.1,,,
2108,69.6,64.7,,,
2109,69.4,66.6,,,
2110,67.7,67.7,,,
2111,66,68.8,,,
2112,67.6,67.2,,,
2113,66.3,65.6,,,
2114,66.6,65.6,,,
2115,68.9,68.7,,,
2116,68.2,69.8,,,
2117,68.1,69,,,
2118,66.4,70.5,,,
2119,67,71.4,,,
2120,68.6,71.8,,,
2121,69.5,72.8,,,
2122,68.4,71.1,,,
2123,69.7,68.3,,,
2124,70.6,66.3,,,
2125,71.4,64.7,,,
2126,73.5,62.8,,,
2127,73.5,62.7,,,
2128,72,62.7,,,
2129,69.9,64.2,,,
2130,69.2,67,,,
2131,68.4,67.4,,,
2132,67.3,64.9,,,
2133,65.9,65.2,,,
2134,66.6,65.8,,,
2135,67.4,66,,,
2136,68.9,66.3,,,
2137,67.1,67.4,,,
2138,65.4,64,,,
2139,64.8,62.6,,,
2140,63.3,63.2,,,
2141,61.9,63.1,,,
2142,60.4,65.9,,,
2143,60.4,65.7,,,
2144,60.2,68,,,
2145,61.4,71,,,
2146,62.5,70.6,,,
2147,64.1,67.6,,,
2148,65.8,63.4,,,
2149,67.8,64.6,,,
2150,69.9,66.5,,,
2151,71.6,68.1,,,
2152,68.4,67.9,,,
2153,64,65.5,,,
2154,62.6,67.2,,,
2155,64.4,66.6,,,
2156,68,63.8,,,
2157,69.7,61.9,,,
2158,69.3,64.1,,,
2159,65.8,65.7,,,
2160,67.1,66.1,,,
2161,66.9,65.2,,,
2162,65.1,63.8,,,
2163,64.2,64.7,,,
2164,64.1,66.8,,,
2165,65.3,67.8,,,
2166,66.6,67.4,,,
2167,65.2,65.6,,,
2168,64.5,64.1,,,
2169,64.5,59.8,,,
2170,66.2,57.2,,,
2171,67.9,56.4,,,
2172,66.3,55.9,,,
2173,65.4,56.2,,,
2174,64.7,56.2,,,
2175,64.6,56.4,,,
2176,60.4,56.3,,,
2177,56.4,55.3,,,
2178,53.7,56.6,,,
2179,53.5,60.7,,,
2180,52.6,63.9,,,
2181,54.5,60.1,,,
2182,53.9,56,,,
2183,52.3,53,,,
2184,51.6,51.6,,,
2185,51.9,51.3,,,
2186,51.9,51,,,
2187,52.8,49.8,,,
2188,55.3,50.3,,,
2189,60.2,52.4,,,
2190,64.5,52,,,
2191,65.4,52.9,,,
2192,65.5,53.7,,,
2193,62.1,58,,,
2194,62.2,62.4,,,
2195,64.6,65.6,,,
2196,62,65.6,,,
2197,58.8,64,,,
2198,60.4,64.1,,,
2199,64.2,62.1,,,
2200,67.4,61.1,,,
2201,67.6,61.9,,,
2202,68.8,59,,,
2203,71.1,56.8,,,
2204,67,57.5,,,
2205,65.6,61.3,,,
2206,64.8,65.1,,,
2207,61.5,67.5,,,
2208,60.7,69.2,,,
2209,60.3,66.1,,,
2210,59.7,62.8,,,
2211,59,64,,,
2212,57.6,62.4,,,
2213,58.9,60.6,,,
2214,57.4,60.1,,,
2215,57.4,59.4,,,
2216,57.2,60.6,,,
2217,57.4,64,,,
2218,61.7,63,,,
2219,65.6,66.1,,,
2220,72.5,67.3,,,
2221,75.4,65.7,,,
2222,73.7,60.9,,,
2223,66.8,60.3,,,
2224,67.2,63.5,,,
2225,68.2,68.5,,,
2226,67.2,74.4,,,
2227,66.5,75.9,,,
2228,66.3,69.4,,,
2229,67.8,64.3,,,
2230,69.1,62.6,,,
2231,68.3,62,,,
2232,68,63.9,,,
2233,67,66,,,
2234,64.1,67.6,,,
2235,60.5,68.2,,,
2236,59.6,68.2,,,
2237,59.7,69.8,,,
2238,61.5,69.4,,,
2239,62.2,68.4,,,
2240,63.2,65,,,
2241,65.5,61.9,,,
2242,67.3,60.2,,,
2243,69.3,60,,,
2244,68.4,58.8,,,
2245,68.3,60.9,,,
2246,67.9,63.8,,,
2247,66.2,64.4,,,
2248,65.3,64.2,,,
2249,61,64.6,,,
2250,59.6,65.7,,,
2251,62.4,68.1,,,
2252,64.1,68.2,,,
2253,65.9,69.9,,,
2254,65.9,72.8,,,
2255,65.4,72.8,,,
2256,66.6,70,,,
2257,66.4,65.9,,,
2258,67.7,63.2,,,
2259,71.2,60.6,,,
2260,74.7,61.9,,,
2261,74.5,64.2,,,
2262,71.6,66.7,,,
2263,67.7,69.2,,,
2264,64.9,70,,,
2265,63.2,69.6,,,
2266,64.7,67.7,,,
2267,67.4,63.3,,,
2268,69.1,60.1,,,
2269,69.4,58.7,,,
2270,68.7,56.3,,,
2271,68.4,54.6,,,
2272,65.1,55.4,,,
2273,61.2,56.8,,,
2274,60.3,59,,,
2275,57.4,61.6,,,
2276,54.4,64.7,,,
2277,53.8,63.4,,,
2278,54,59.3,,,
2279,53.2,56.6,,,
2280,53.6,56.7,,,
2281,55,59.4,,,
2282,55.8,61.8,,,
2283,56.3,64.8,,,
2284,54.8,67.1,,,
2285,54.7,68.5,,,
2286,55.7,68.4,,,
2287,57.1,68.3,,,
2288,60,67.6,,,
2289,62.2,68.3,,,
2290,65.5,70.3,,,
2291,67,70.7,,,
2292,67.9,69.8,,,
2293,66.6,68.6,,,
2294,66.8,68.4,,,
2295,66.9,68.8,,,
2296,68.9,69.4,,,
2297,70.7,68.8,,,
2298,70.6,68.8,,,
2299,69.9,68.1,,,
2300,68.9,67.9,,,
2301,68.9,66.9,,,
2302,70.9,66.2,,,
2303,70.6,67,,,
2304,70.1,66.7,,,
2305,68.4,66.8,,,
2306,67.1,66.8,,,
2307,66.5,67.4,,,
2308,65.2,66.4,,,
2309,64.8,62.6,,,
2310,64.1,61.1,,,
2311,65,58.4,,,
2312,65.5,57.3,,,
2313,65.4,56.7,,,
2314,65,56,,,
2315,63.8,55.1,,,
2316,62.9,54.1,,,
2317,60,56.3,,,
2318,57.6,51.9,,,
2319,54.4,48.8,,,
2320,52.6,47.7,,,
2321,49.7,48.1,,,
2322,48.5,48.8,,,
2323,48.6,46.1,,,
2324,48.3,44.6,,,
2325,48.3,43.4,,,
2326,51.5,43.5,,,
2327,54.7,44.4,,,
2328,57.1,46.1,,,
2329,59.8,47.8,,,
2330,63.7,50.9,,,
2331,64.8,55.2,,,
2332,67,56.1,,,
2333,72.9,55,,,
2334,72.4,57.6,,,
2335,68.7,60.6,,,
2336,65.9,65,,,
2337,62.8,67,,,
2338,61.7,69.6,,,
2339,61.9,72.1,,,
2340,59.4,69.5,,,
2341,57,67.1,,,
2342,57,67.5,,,
2343,58.5,68.4,,,
2344,59.7,68,,,
2345,60.4,66.1,,,
2346,60.7,61.5,,,
2347,62.6,59.4,,,
2348,64.8,58.5,,,
2349,66.9,56.8,,,
2350,67.5,55.1,,,
2351,66.4,51,,,
2352,63.2,49.7,,,
2353,59.4,47.2,,,
2354,55.9,47.3,,,
2355,59.4,46.6,,,
2356,61.5,46.6,,,
2357,59.6,46.7,,,
2358,54.9,49.2,,,
2359,52.6,53.3,,,
2360,51.2,55.6,,,
2361,51.4,57.6,,,
2362,52.9,61.1,,,
2363,53.6,60.7,,,
2364,53.4,58,,,
2365,54,59.3,,,
2366,54.5,62.2,,,
2367,54.5,65.9,,,
2368,55.3,67.6,,,
2369,56.1,68.6,,,
2370,57.9,69.6,,,
2371,60.6,71.8,,,
2372,63.3,72,,,
2373,66.4,72.1,,,
2374,67.7,72.2,,,
2375,68.4,71.7,,,
2376,69.1,71.4,,,
2377,70.9,70.6,,,
2378,72.9,70.7,,,
2379,73,71.7,,,
2380,73.3,70.4,,,
2381,72,67.7,,,
2382,72.6,66.8,,,
2383,72.5,64.4,,,
2384,71.4,63,,,
2385,70.8,62,,,
2386,71.9,61.8,,,
2387,70.9,62.8,,,
2388,68.5,64.9,,,
2389,65.5,65.9,,,
2390,63.2,63.5,,,
2391,61.1,60.9,,,
2392,62,60,,,
2393,63.8,63.1,,,
2394,65.2,67.1,,,
2395,64.5,70.8,,,
2396,62.8,72,,,
2397,61.6,70.5,,,
2398,63,68.1,,,
2399,67.5,65.3,,,
2400,69.7,63,,,
2401,72.6,60.4,,,
2402,71.9,58.5,,,
2403,69.8,56.3,,,
2404,68.8,54.7,,,
2405,71.6,55.4,,,
2406,72.3,56.6,,,
2407,69.4,56.8,,,
2408,67.2,59.7,,,
2409,64.3,62.4,,,
2410,61.9,65.3,,,
2411,61.7,67.5,,,
2412,62.1,70.3,,,
2413,64.4,67.7,,,
2414,64.5,66,,,
2415,62.1,62.7,,,
2416,64.2,60.8,,,
2417,66.5,61.6,,,
2418,65.2,63.9,,,
2419,61.4,62.7,,,
2420,59,61.1,,,
2421,58.1,62.6,,,
2422,58.4,65.9,,,
2423,57.9,64.6,,,
2424,57.7,61,,,
2425,56.4,58.4,,,
2426,55.7,55.7,,,
2427,55.2,56,,,
2428,55.3,56.8,,,
2429,55.7,56,,,
2430,56.6,52.1,,,
2431,58.6,52.7,,,
2432,60.8,52.6,,,
2433,66,52.4,,,
2434,72.2,53.7,,,
2435,71.4,56.6,,,
2436,66.4,60.8,,,
2437,62.7,65.7,,,
2438,60,69.5,,,
2439,59,71.3,,,
2440,57.4,67.8,,,
2441,57.2,63.8,,,
2442,55.6,61.8,,,
2443,55.2,63.6,,,
2444,57.3,65.8,,,
2445,59.2,66.8,,,
2446,59.7,66.3,,,
2447,59.6,66.5,,,
2448,60.1,65.8,,,
2449,63,66.2,,,
2450,65,65.4,,,
2451,67.3,64.1,,,
2452,67.6,62.3,,,
2453,67.1,60.1,,,
2454,65.6,58.6,,,
2455,67,55.3,,,
2456,66.4,52.2,,,
2457,63.9,51.1,,,
2458,60.6,51.3,,,
2459,57.3,49.8,,,
2460,53.8,49.1,,,
2461,51,50.9,,,
2462,52.6,51.8,,,
2463,51.1,47,,,
2464,50.6,43.1,,,
2465,52.5,41,,,
2466,52.3,39.4,,,
2467,45.7,38.5,,,
2468,46,37.9,,,
2469,45.2,37.7,,,
2470,46.8,38.2,,,
2471,46.1,39.2,,,
2472,45.8,44.3,,,
2473,46.1,52.4,,,
2474,50,57.1,,,
2475,53,57.8,,,
2476,54.9,58.4,,,
2477,55.7,59.4,,,
2478,56.5,60.8,,,
2479,57.1,64.3,,,
2480,57.9,69.9,,,
2481,57.7,74.6,,,
2482,58.9,75.3,,,
2483,61.1,71.6,,,
2484,64.7,69.3,,,
2485,68.7,70.9,,,
2486,73.4,71.2,,,
2487,76.7,66.7,,,
2488,74.9,63.4,,,
2489,71.8,62.8,,,
2490,72.3,61.7,,,
2491,72.1,58.5,,,
2492,66.7,57.2,,,
2493,60.9,56.3,,,
2494,58.7,54.5,,,
2495,54.1,56.6,,,
2496,50.7,60.2,,,
2497,48.8,63.4,,,
2498,50.6,64.9,,,
2499,53.6,64.3,,,
2500,57.9,68,,,
2501,62.6,71.8,,,
2502,65,74,,,
2503,64.6,70,,,
2504,64,66.3,,,
2505,67.1,64.4,,,
2506,69,61,,,
2507,71.9,59.3,,,
2508,72,58.4,,,
2509,69,57.9,,,
2510,64.4,56.1,,,
2511,61.1,56.2,,,
2512,58.9,57.4,,,
2513,59.3,57,,,
2514,57.8,54.4,,,
2515,59.9,51.1,,,
2516,61.9,49.6,,,
2517,64.3,50.3,,,
2518,65.3,52.6,,,
2519,69.8,57,,,
2520,77,59,,,
2521,72.9,60.8,,,
2522,65.4,62.8,,,
2523,66.4,65.5,,,
2524,65.4,69,,,
2525,65.6,73.1,,,
2526,68,74.4,,,
2527,67.7,69.6,,,
2528,68.8,73.3,,,
2529,70.8,73.9,,,
2530,71.6,72.1,,,
2531,70.8,67.3,,,
2532,69.6,66,,,
2533,74.9,67.7,,,
2534,74.5,64.9,,,
2535,70.8,63.9,,,
2536,64.3,64.4,,,
2537,62.1,66.3,,,
2538,59.4,65.8,,,
2539,58.5,64.2,,,
2540,58.6,65.5,,,
2541,58.2,64.8,,,
2542,60.6,67.4,,,
2543,63.2,72,,,
2544,65,76.4,,,
2545,65.3,76.5,,,
2546,64.4,71.5,,,
2547,65.7,68.2,,,
2548,68.5,67.7,,,
2549,72.5,69.6,,,
2550,75.5,69.2,,,
2551,76.7,64.6,,,
2552,73.6,63,,,
2553,70,62.3,,,
2554,72.5,62.4,,,
2555,71.9,64.8,,,
2556,68.7,66.8,,,
2557,65.6,69.2,,,
2558,63,67,,,
2559,61.5,64.2,,,
2560,62.5,63.5,,,
2561,64.8,66.4,,,
2562,66,66.5,,,
2563,65.7,66.1,,,
2564,62.5,64.5,,,
2565,59.2,62.3,,,
2566,57.4,61.9,,,
2567,55.6,62.3,,,
2568,54.8,61.3,,,
2569,54.8,59.7,,,
2570,54.3,58,,,
2571,53.9,61.7,,,
2572,52.7,63,,,
2573,50.2,56.2,,,
2574,47.5,55,,,
2575,47.3,51.9,,,
2576,49.8,55.1,,,
2577,53.1,55.2,,,
2578,54.7,55.6,,,
2579,55.4,56.1,,,
2580,55.8,59.4,,,
2581,56.2,62.8,,,
2582,56.8,65.4,,,
2583,59,66.6,,,
2584,61.4,66.9,,,
2585,66.2,68.4,,,
2586,71.3,68.1,,,
2587,70.8,67.2,,,
2588,69.1,67.3,,,
2589,67.5,67,,,
2590,68.2,66.5,,,
2591,70.6,67.8,,,
2592,70.8,69.8,,,
2593,69.7,65.3,,,
2594,68.7,61.4,,,
2595,69.5,63.8,,,
2596,69.2,66.7,,,
2597,67,68.5,,,
2598,65.1,69.1,,,
2599,64,70.3,,,
2600,65.5,70.6,,,
2601,66.2,71.9,,,
2602,67.6,71.7,,,
2603,67.7,70,,,
2604,67.4,68.9,,,
2605,67.5,67.8,,,
2606,67.8,67.9,,,
2607,68.5,69.5,,,
2608,68.9,69.6,,,
2609,68.8,69.1,,,
2610,66.2,67.5,,,
2611,65.9,66.8,,,
2612,66.9,65.1,,,
2613,69,65.6,,,
2614,71.4,65,,,
2615,68.6,62.9,,,
2616,67.7,62.4,,,
2617,65.6,63.2,,,
2618,62.8,65.1,,,
2619,62.2,68.9,,,
2620,63,65.6,,,
2621,62.7,60.2,,,
2622,64.5,58.5,,,
2623,65.1,59.5,,,
2624,64.3,60.7,,,
2625,61.3,58.7,,,
2626,59.8,59.4,,,
2627,58.3,58.4,,,
2628,57.5,55.3,,,
2629,57.8,54.1,,,
2630,57.3,54.8,,,
2631,57.4,55.2,,,
2632,57.3,57.4,,,
2633,57.6,60.4,,,
2634,57.2,63,,,
2635,57.1,64.4,,,
2636,58.6,65.1,,,
2637,60.6,64.1,,,
2638,63.5,65.4,,,
2639,67.9,64.8,,,
2640,74.3,61.6,,,
2641,79.8,59.9,,,
2642,76.3,59.4,,,
2643,68.5,59.3,,,
2644,66.3,60,,,
2645,65.1,62.9,,,
2646,63.6,66.3,,,
2647,60.7,69.7,,,
2648,59.4,74.4,,,
2649,62.1,79.4,,,
2650,65,76.5,,,
2651,64.7,69.1,,,
2652,69.3,68.8,,,
2653,71.9,67.1,,,
2654,69.3,66.1,,,
2655,66,67.2,,,
2656,65,69.5,,,
2657,65.5,71.1,,,
2658,67.8,71.7,,,
2659,69.2,69.9,,,
2660,67.4,68.4,,,
2661,68.4,67.2,,,
2662,70.7,65.7,,,
2663,73,64.5,,,
2664,72.4,64,,,
2665,71.9,62.5,,,
2666,69.1,59.9,,,
2667,67.4,60.1,,,
2668,65.5,59.7,,,
2669,62.9,58.1,,,
2670,62.8,58.2,,,
2671,65.3,56.5,,,
2672,65,56.1,,,
2673,62.9,55.2,,,
2674,63,53.2,,,
2675,67.8,54.1,,,
2676,71.4,55.3,,,
2677,69.4,58.8,,,
2678,68.5,60.9,,,
2679,67.7,62.8,,,
2680,68.5,66,,,
2681,65,69.9,,,
2682,61.6,69.6,,,
2683,63.6,68.4,,,
2684,68.5,65.6,,,
2685,67.2,66.7,,,
2686,64.2,63.9,,,
2687,67.4,62.9,,,
2688,65.6,65.7,,,
2689,62,68.8,,,
2690,63.5,68,,,
2691,65.8,66,,,
2692,64.8,66.3,,,
2693,63.6,65.6,,,
2694,65.6,61.2,,,
2695,67.6,58.6,,,
2696,67.8,60.3,,,
2697,65.4,62.7,,,
2698,63.5,60.1,,,
2699,61.6,58.2,,,
2700,59,57.9,,,
2701,59,57.5,,,
2702,59.5,61.7,,,
2703,59.8,64.2,,,
2704,61,67.8,,,
2705,60.3,69.6,,,
2706,59.7,67.8,,,
2707,60.1,64.1,,,
2708,62.7,65.5,,,
2709,67.2,65.9,,,
2710,70.8,64.1,,,
2711,70.5,64.4,,,
2712,69.3,66,,,
2713,72,67.7,,,
2714,69.9,65.9,,,
2715,68.4,61.8,,,
2716,70.3,61.7,,,
2717,69.5,61.1,,,
2718,68.7,63.1,,,
2719,68,68.3,,,
2720,65.1,71.6,,,
2721,62.4,67.1,,,
2722,61.3,64.5,,,
2723,61.1,68.6,,,
2724,60.7,69.9,,,
2725,60.6,70.5,,,
2726,62.6,69.2,,,
2727,63,66.9,,,
2728,63.1,64.8,,,
2729,65,61.8,,,
2730,69.4,59.8,,,
2731,71.4,61.9,,,
2732,70.6,62.3,,,
2733,65.8,62.4,,,
2734,64.9,66.7,,,
2735,63.7,71.2,,,
2736,63.2,74.7,,,
2737,63.1,73.7,,,
2738,62.3,71,,,
2739,63.3,67.7,,,
2740,65.3,65.6,,,
2741,73.1,65.8,,,
2742,76.2,63,,,
2743,75,60.9,,,
2744,71.3,60.6,,,
2745,67.9,62.4,,,
2746,65.4,61.4,,,
2747,62.4,57.9,,,
2748,60.3,56.3,,,
2749,58.7,55.4,,,
2750,56.7,53.9,,,
2751,57.5,53.8,,,
2752,57.9,54.1,,,
2753,57.6,53.3,,,
2754,55.5,52.6,,,
2755,55.6,52.8,,,
2756,55.3,52.5,,,
2757,55,50.4,,,
2758,55.9,50.3,,,
2759,60.2,49.9,,,
2760,65.7,52.2,,,
2761,69.6,54.5,,,
2762,69.4,54.5,,,
2763,67.2,57,,,
2764,66.7,60.3,,,
2765,67.3,63.2,,,
2766,65.7,65.3,,,
2767,70.2,67.6,,,
2768,76,65.9,,,
2769,75.9,65.3,,,
2770,70.6,65.4,,,
2771,65.3,66,,,
2772,63.4,68,,,
2773,63.5,70.7,,,
2774,66.6,75.9,,,
2775,69.3,76.7,,,
2776,71.4,73.3,,,
2777,70.9,69.8,,,
2778,70.5,67.8,,,
2779,70.7,67.4,,,
2780,70.3,68.5,,,
2781,69.1,67.7,,,
2782,68.6,67.8,,,
2783,67.1,68.4,,,
2784,65.3,69.6,,,
2785,64.8,69.8,,,
2786,62.8,69.4,,,
2787,63,65.9,,,
2788,63.9,65.8,,,
2789,66.6,67.6,,,
2790,68.1,69.1,,,
2791,69.3,69.1,,,
2792,70.8,67.7,,,
2793,69.2,68.3,,,
2794,66,67.8,,,
2795,65,67,,,
2796,66.6,69.3,,,
2797,67.2,68.9,,,
2798,66.1,66,,,
2799,66,62.8,,,
2800,66,60.5,,,
2801,66.5,58.4,,,
2802,67.8,56.2,,,
2803,69.8,53.9,,,
2804,69.1,52.9,,,
2805,65.7,53.7,,,
2806,61.1,58,,,
2807,62.2,62,,,
2808,53.7,59.9,,,
2809,52.2,54.7,,,
2810,50.6,55,,,
2811,50.3,56.4,,,
2812,49.6,54.8,,,
2813,49.2,51.6,,,
2814,48.9,50,,,
2815,49,49,,,
2816,49.4,49.2,,,
2817,49.6,49.1,,,
2818,49.5,50.2,,,
2819,50.3,52.6,,,
2820,50.9,54.4,,,
2821,51.4,59.1,,,
2822,52.5,61.7,,,
2823,53.9,63,,,
2824,53.9,64.3,,,
2825,53.5,65.5,,,
2826,55.2,67.7,,,
2827,56,70.5,,,
2828,58.9,70.9,,,
2829,61.7,68.7,,,
2830,65.2,66.6,,,
2831,67.2,67.3,,,
2832,68.6,67.9,,,
2833,68.9,68.6,,,
2834,72.1,70.7,,,
2835,72.9,72.1,,,
2836,72.4,73.2,,,
2837,71.2,72.5,,,
2838,68.5,69.7,,,
2839,67.8,65.7,,,
2840,69.1,64.1,,,
2841,70.4,65,,,
2842,72.6,70.3,,,
2843,73.3,71.7,,,
2844,73.9,67.2,,,
2845,72.9,65.4,,,
2846,70.6,66,,,
2847,68.6,67,,,
2848,65.5,66.7,,,
2849,63.5,67.3,,,
2850,64.2,66.3,,,
2851,64.4,68.2,,,
2852,64.9,68.2,,,
2853,65.8,65.1,,,
2854,64.1,64.2,,,
2855,62.7,61.6,,,
2856,64.1,60.4,,,
2857,63.1,61.4,,,
2858,59.9,60.8,,,
2859,58.5,59.1,,,
2860,57.9,60.2,,,
2861,57.1,58.8,,,
2862,55.7,60.2,,,
2863,55.5,61.9,,,
2864,56.6,59.4,,,
2865,61.4,56.2,,,
2866,64,53.6,,,
2867,62.7,55.2,,,
2868,58.2,52.8,,,
2869,55.6,54.7,,,
2870,53.4,56.5,,,
2871,53.2,58.5,,,
2872,53.8,62.1,,,
2873,53.5,62.7,,,
2874,52,58,,,
2875,51,54.1,,,
2876,50.1,51.4,,,
2877,50.6,50.7,,,
2878,51.6,50.4,,,
2879,51.3,52.7,,,
2880,51.9,53.9,,,
2881,54.8,55.9,,,
2882,55.7,56.8,,,
2883,55.6,58,,,
2884,57,61,,,
2885,61.1,63.6,,,
2886,66.1,65.5,,,
2887,66.2,66.5,,,
2888,61.6,66.5,,,
2889,60.1,67.4,,,
2890,61.8,70.2,,,
2891,63.4,70.5,,,
2892,66.1,68.9,,,
2893,67.6,66,,,
2894,69.2,64.8,,,
2895,70,61.4,,,
2896,71.8,59.8,,,
2897,71.4,59.2,,,
2898,70.2,60.4,,,
2899,68.7,63.5,,,
2900,66.2,65.7,,,
2901,63.8,63.6,,,
2902,60.9,64.4,,,
2903,58.1,65,,,
2904,56.5,62.6,,,
2905,55.8,61.9,,,
2906,55,59.7,,,
2907,54.4,58.2,,,
2908,53.8,57.9,,,
2909,54.4,58,,,
2910,57,58.1,,,
2911,60,61,,,
2912,62.4,63.1,,,
2913,63.2,65,,,
2914,63.6,67.5,,,
2915,65.7,68.4,,,
2916,64.1,68,,,
2917,61.1,67.5,,,
2918,62.7,66.3,,,
2919,65.3,66.9,,,
2920,68,67,,,
2921,69,66.7,,,
2922,69.1,67.2,,,
2923,67.6,66.4,,,
2924,67.6,65.7,,,
2925,68.2,65,,,
2926,66.3,63.8,,,
2927,64.6,64.3,,,
2928,65.8,65.5,,,
2929,65.5,66.1,,,
2930,66.4,66.8,,,
2931,65.9,66.6,,,
2932,63.9,66.6,,,
2933,62.4,67.2,,,
2934,64.3,68.9,,,
2935,68.8,70.7,,,
2936,73,70.2,,,
2937,73.2,69.7,,,
2938,69.4,68.4,,,
2939,69.5,65.8,,,
2940,69.3,64.2,,,
2941,70.2,65.3,,,
2942,71.8,67.9,,,
2943,70.4,70.8,,,
2944,69.6,69,,,
2945,68.5,65.1,,,
2946,65.8,63.4,,,
2947,66,62.9,,,
2948,66.1,61.9,,,
2949,64.6,61.3,,,
2950,63.2,61.5,,,
2951,65.3,61.3,,,
2952,68.5,62.4,,,
2953,67.4,62.5,,,
2954,66,61.5,,,
2955,67.4,60.5,,,
2956,69.9,64,,,
2957,67.8,67.6,,,
2958,67.6,70.6,,,
2959,67.1,69.8,,,
2960,69,70,,,
2961,71.6,68.7,,,
2962,64,65.7,,,
2963,66.6,66.2,,,
2964,69,68.9,,,
2965,68.8,70.2,,,
2966,68.6,73,,,
2967,67,71.5,,,
2968,65.8,68.2,,,
2969,67.5,66.8,,,
2970,69,70.5,,,
2971,73.3,72,,,
2972,72.3,71.3,,,
2973,70.5,66.1,,,
2974,68.4,62,,,
2975,71.1,63.4,,,
2976,72.1,65.4,,,
2977,71.7,67.5,,,
2978,69.3,66.8,,,
2979,65,62.6,,,
2980,63.1,60.8,,,
2981,63.6,60.2,,,
2982,65.9,58,,,
2983,67.2,56,,,
2984,65.1,54.6,,,
2985,61.6,53.3,,,
2986,59.2,53.5,,,
2987,55.5,53.7,,,
2988,52.2,51.5,,,
2989,53.1,47.2,,,
2990,55.6,47,,,
2991,57,44.9,,,
2992,60.8,47.2,,,
2993,65.9,49.8,,,
2994,68.9,49.9,,,
2995,67.6,52.1,,,
2996,65.6,56.4,,,
2997,64.1,59.1,,,
2998,65,61.1,,,
2999,65.9,63.9,,,
3000,66.5,66.4,,,
3001,66.4,66.4,,,
3002,65.5,63.8,,,
3003,65.9,63.6,,,
3004,67,64.1,,,
3005,66.9,63,,,
3006,67.2,64.6,,,
3007,64.8,64.4,,,
3008,63.4,64.5,,,
3009,66,66.8,,,
3010,72,67.7,,,
3011,76.5,68.2,,,
3012,72.7,66.3,,,
3013,65.9,64.4,,,
3014,63.5,62.7,,,
3015,64.9,63.8,,,
3016,66.9,70.3,,,
3017,68.5,74.8,,,
3018,67.3,72.3,,,
3019,63.2,65,,,
3020,60.7,62.3,,,
3021,59.3,63.8,,,
3022,60,64.4,,,
3023,59.4,66.6,,,
3024,59.8,66,,,
3025,59.1,62.3,,,
3026,60.8,61.6,,,
3027,62.8,58.1,,,
3028,67,53.6,,,
3029,70.2,51.3,,,
3030,73.1,51.8,,,
3031,70.3,53.8,,,
3032,67.2,59,,,
3033,65.9,63.5,,,
3034,65,65.5,,,
3035,66.6,69.6,,,
3036,68.4,70.4,,,
3037,68.6,67.7,,,
3038,67,67.7,,,
3039,66.1,71.4,,,
3040,64.5,73.2,,,
3041,64.7,73.2,,,
3042,68.1,69.1,,,
3043,69.1,66.2,,,
3044,69.1,64.6,,,
3045,72.7,65.7,,,
3046,74.4,65.9,,,
3047,72.5,67.5,,,
3048,70.2,67.2,,,
3049,66.2,65.6,,,
3050,64.9,68,,,
3051,65.7,70.9,,,
3052,67.4,73.6,,,
3053,64.7,72.6,,,
3054,62.7,67.7,,,
3055,65.7,66.1,,,
3056,70.9,66.8,,,
3057,73.4,69.7,,,
3058,72.9,67.8,,,
3059,69.3,63.5,,,
3060,66.2,62.6,,,
3061,67.8,64,,,
3062,70.7,66.2,,,
3063,67.8,62.1,,,
3064,63.3,58.5,,,
3065,59.2,55.1,,,
3066,55.5,52.1,,,
3067,55.7,52.5,,,
3068,57.2,52.8,,,
3069,61.6,53.1,,,
3070,63.5,54.7,,,
3071,60,54.9,,,
3072,60.2,56.6,,,
3073,65.4,59.8,,,
3074,67.4,63.6,,,
3075,67.3,65.7,,,
3076,64.6,64.6,,,
3077,60.5,60.9,,,
3078,60.8,60.2,,,
3079,61.8,64.2,,,
3080,64.4,64.7,,,
3081,65.9,64.9,,,
3082,64.2,62.3,,,
3083,61.8,61.4,,,
3084,59.4,63.8,,,
3085,58.5,66.1,,,
3086,56.9,67.3,,,
3087,59,66.7,,,
3088,58.6,66.2,,,
3089,59.4,65.1,,,
3090,61.9,66,,,
3091,65.3,66,,,
3092,66.2,67.4,,,
3093,66.9,72.1,,,
3094,66.1,74.2,,,
3095,65.5,73,,,
3096,66.6,70.4,,,
3097,66.9,71.2,,,
3098,67.5,72.5,,,
3099,71.6,72.9,,,
3100,75.2,69.3,,,
3101,74.1,68.7,,,
3102,72.5,66.2,,,
3103,72.1,69.2,,,
3104,74.1,67.4,,,
3105,73.3,67.2,,,
3106,70.1,63,,,
3107,67.8,62.4,,,
3108,65.2,62.8,,,
3109,66.1,67.1,,,
3110,67.2,65.6,,,
3111,66.9,61.1,,,
3112,62.2,60.7,,,
3113,59.4,62.6,,,
3114,58.5,64.4,,,
3115,58.5,64.9,,,
3116,58.3,60.9,,,
3117,57.6,58.6,,,
3118,58.6,55.9,,,
3119,62.8,51.8,,,
3120,66.5,49.2,,,
3121,66.3,48.8,,,
3122,62.3,47.8,,,
3123,57.8,47.6,,,
3124,54.3,48.4,,,
3125,49.9,48.6,,,
3126,48.1,50.1,,,
3127,49,53,,,
3128,51.7,54.4,,,
3129,56.6,55.7,,,
3130,58,57,,,
3131,58.2,58.8,,,
3132,57.7,61.5,,,
3133,57.3,64.7,,,
3134,57.4,67.6,,,
3135,58.1,69.6,,,
3136,60.4,68.9,,,
3137,63.2,66.8,,,
3138,67.1,67.2,,,
3139,68.5,70.5,,,
3140,68.7,74,,,
3141,71.5,72.4,,,
3142,71.4,68.2,,,
3143,71.8,67.1,,,
3144,73.2,67.7,,,
3145,75.9,67.6,,,
3146,73.2,69.5,,,
3147,68.2,72.3,,,
3148,66,73.6,,,
3149,66.1,69.3,,,
3150,67.8,65.9,,,
3151,69.2,63.9,,,
3152,70.3,63.9,,,
3153,72.7,65.2,,,
3154,72.6,65.4,,,
3155,69.6,61.5,,,
3156,67.6,59.9,,,
3157,65.3,62.7,,,
3158,66.9,65.6,,,
3159,71.1,66.7,,,
3160,72.3,66.3,,,
3161,68.4,68.2,,,
3162,66.6,69.4,,,
3163,66.1,68.3,,,
3164,67.5,68.4,,,
3165,68.7,68.8,,,
3166,69.1,70.3,,,
3167,70.5,69.9,,,
3168,69.5,71.5,,,
3169,67.5,70.8,,,
3170,69.2,68.5,,,
3171,68.8,70.6,,,
3172,69,72.2,,,
3173,69.7,72.3,,,
3174,72.2,70.4,,,
3175,70.9,68.4,,,
3176,69.4,67.2,,,
3177,71.6,63.1,,,
3178,73.9,62.1,,,
3179,72.5,58.9,,,
3180,70.5,58.5,,,
3181,68.4,59,,,
3182,63.5,56.8,,,
3183,60,53.2,,,
3184,56.2,51.1,,,
3185,52.7,50.7,,,
3186,52.9,49.1,,,
3187,53.2,47.2,,,
3188,52.8,47.2,,,
3189,52.1,46.6,,,
3190,50.6,47,,,
3191,49.2,47.6,,,
3192,47.5,47.1,,,
3193,47.5,46.6,,,
3194,47.2,47.6,,,
3195,44.6,45.6,,,
3196,44.2,43.7,,,
3197,43,43.4,,,
3198,42.1,40.8,,,
3199,42.4,40.8,,,
3200,43.1,41.6,,,
3201,44.3,39.9,,,
3202,44.1,43.9,,,
3203,45.3,46.7,,,
3204,48,47.9,,,
3205,48.6,49.2,,,
3206,49.2,50,,,
3207,49.6,54.5,,,
3208,50.8,59.2,,,
3209,50.9,62.6,,,
3210,51.1,63.5,,,
3211,52.2,61.2,,,
3212,54.1,57.3,,,
3213,57.6,54.9,,,
3214,60.7,54.6,,,
3215,63.7,55.1,,,
3216,63.6,56.5,,,
3217,61,59.7,,,
3218,58.9,63.7,,,
3219,58.2,68.2,,,
3220,58.9,69.9,,,
3221,60,69.7,,,
3222,61.5,67.5,,,
3223,63,66.1,,,
3224,67.1,63.7,,,
3225,70.9,61,,,
3226,70.7,58.1,,,
3227,69.5,57,,,
3228,68,56.2,,,mikrofon-skrik
3229,67.1,54,,,
3230,67,51.8,,,
3231,62.6,51.4,,,
3232,60.2,55,,,
3233,62,57.2,,,
3234,66.3,61.2,,,
3235,70.2,64,,,
3236,70.5,59.6,,,
3237,69,56.9,,,
3238,68.1,58.9,,,
3239,66.3,60.6,,,
3240,66.3,64.2,,,
3241,65.2,67,,,
3242,63.8,70,,,
3243,64.9,67.6,,,
3244,67.2,69,,,
3245,67.9,67.2,,,
3246,68.6,65.6,,,
3247,67.4,64.4,,,
3248,66.2,63.7,,,
3249,64.9,65,,,
3250,62.9,66.9,,,
3251,61.5,66.3,,,
3252,60.5,67.7,,,
3253,60.4,66.6,,,
3254,60,67.8,,,
3255,59.4,69,,,
3256,61.2,68.5,,,
3257,63.8,66,,,
3258,65.9,62,,,
3259,65.7,59.9,,,
3260,64.4,57.7,,,
3261,68,58.6,,,
3262,67.9,59.3,,,
3263,65.5,62.2,,,
3264,60.3,65.4,,,
3265,60.9,65.7,,,
3266,64.5,61.9,,,
3267,66.6,59.3,,,
3268,65.2,58,,,
3269,62.3,55,,,
3270,61.7,54.7,,,
3271,60.7,55.7,,,
3272,61.6,57.5,,,
3273,65.7,59.7,,,
3274,67.2,61.9,,,
3275,66.6,65.4,,,
3276,65.6,64.2,,,
3277,64.5,61.6,,,
3278,63.7,61,,,
3279,64.4,64.4,,,
3280,65.7,66.3,,,
3281,63.6,64.3,,,
3282,63.9,64.9,,,
3283,64.5,64.3,,,
3284,63.8,64,,,
3285,63.4,64,,,
3286,64.4,63.9,,,
3287,63.7,64.9,,,
3288,64.7,64.2,,,
3289,65.6,63.7,,,
3290,65.3,62.9,,,
3291,65.8,62.5,,,
3292,64.9,62.4,,,
3293,63.8,62.7,,,
3294,60.7,62.8,,,
3295,59.5,62.8,,,
3296,59.8,62.9,,,
3297,58.9,63.6,,,
3298,59.1,63.6,,,
3299,58.6,62.6,,,
3300,58.5,61.8,,,
3301,58.9,60.7,,,
3302,59.4,60,,,
3303,58.5,62.1,,,
3304,58.1,63.5,,,
3305,58.1,64.8,,,
3306,58.2,66.7,,,
3307,58.3,68.4,,,
3308,59.5,67.7,,,
3309,59.8,66.7,,,
3310,61,67.1,,,
3311,64.3,66,,,
3312,67.3,65.9,,,
3313,68.2,67.4,,,
3314,68,67.9,,,
3315,69.2,67.1,,,
3316,68.2,66.5,,,
3317,67.1,66,,,
3318,66,65.7,,,
3319,66.1,66,,,
3320,67.6,65.5,,,
3321,67.4,64.5,,,
3322,66.8,63.9,,,
3323,66.5,63.8,,,
3324,65.2,63.8,,,
3325,64.6,66.3,,,
3326,66,67.7,,,
3327,64.1,67.4,,,
3328,64.2,67.2,,,
3329,64.7,68.6,,,
3330,63.8,68.2,,,
3331,64.7,63.7,,,
3332,65.3,60.4,,,
3333,66.8,58.2,,,
3334,66.5,56.8,,,
3335,65.4,54.7,,,
3336,64.8,54.4,,,
3337,62.8,55.9,,,
3338,60,58.1,,,
3339,57,61.9,,,
3340,56.4,65.5,,,
3341,55.9,68.2,,,
3342,59.6,69,,,
3343,59.3,67.4,,,
3344,60.4,69.6,,,
3345,61.3,70.5,,,
3346,62.6,72.2,,,
3347,64.7,70.7,,,
3348,67.3,65.3,,,
3349,69.3,64.5,,,
3350,69.4,65,,,
3351,69.1,65.8,,,
3352,69.1,65.5,,,
3353,70.1,66,,,
3354,69.7,69.4,,,
3355,70.3,71.8,,,
3356,69.1,72,,,
3357,69.2,69.2,,,
3358,69.8,65.9,,,
3359,72,63.2,,,
3360,72.5,64.7,,,
3361,72.2,62.4,,,
3362,72.8,62.6,,,
3363,72.3,65.3,,,
3364,71,66.8,,,
3365,70,68.7,,,
3366,68.8,70,,,
3367,67.4,68.4,,,
3368,64.6,69.9,,,
3369,65.4,69.2,,,
3370,69.9,67.7,,,
3371,71.6,68.2,,,
3372,69.3,68.5,,,
3373,70.7,66.1,,,
3374,71.2,63.4,,,
3375,70.4,63.8,,,
3376,69,66.9,,,
3377,68.2,69.2,,,
3378,65.7,67,,,
3379,62.8,66.9,,,
3380,61.7,65.7,,,
3381,61.5,67.6,,,
3382,62.8,68.2,,,
3383,64.9,68.6,,,
3384,68.2,68.6,,,
3385,67.5,69.1,,,
3386,64.8,66.9,,,
3387,64.5,63.1,,,
3388,66.8,60.3,,,
3389,68,61,,,
3390,68.1,65,,,
3391,68.8,63.6,,,
3392,66,59.5,,,
3393,61.3,56,,,
3394,57.5,54.7,,,
3395,56.6,53.6,,,
3396,56.9,52.1,,,
3397,55.6,52.6,,,
3398,55,54.4,,,
3399,56.1,54.8,,,
3400,57.5,55.3,,,
3401,56.7,54.6,,,
3402,55.1,55.6,,,
3403,53.6,58.2,,,
3404,52.9,61.7,,,
3405,52,65,,,
3406,52.8,66.5,,,
3407,54.7,67.1,,,
3408,56.6,67.7,,,
3409,59.5,67.9,,,
3410,62.9,65.2,,,
3411,65.7,63,,,
3412,67.4,64.3,,,
3413,68.1,64.7,,,
3414,69.1,64.2,,,
3415,70.1,62.2,,,
3416,68.4,61.5,,,
3417,65.4,65.1,,,
3418,64.4,67.9,,,
3419,65,68.3,,,
3420,64.7,67,,,
3421,64.5,63.6,,,
3422,67.2,61.3,,,
3423,69.5,59.7,,,
3424,68.9,57.2,,,
3425,67.9,57.4,,,
3426,65.1,59.4,,,
3427,63,61.2,,,
3428,60.4,64.4,,,
3429,58.6,67.2,,,
3430,57.8,67.9,,,
3431,60.1,71.5,,,
3432,63.5,72.9,,,
3433,65.2,68.4,,,
3434,66.3,66.4,,,
3435,68.8,68.9,,,
3436,72,72.8,,,
3437,73.4,75.6,,,
3438,71.2,74.3,,,
3439,68.2,69.8,,,
3440,68.1,67.8,,,
3441,71.1,66.2,,,
3442,75.4,64.1,,,
3443,76.3,64.8,,,
3444,73.5,67.2,,,
3445,69.3,69.8,,,
3446,65.3,68.9,,,
3447,65.5,67.2,,,
3448,65.8,66,,,
3449,65.4,64.9,,,
3450,69.3,64.7,,,
3451,70.9,64.5,,,
3452,69,63.4,,,
3453,67.4,61.7,,,
3454,67.7,63,,,
3455,65.4,63.4,,,
3456,63,60.3,,,
3457,64.9,58.1,,,
3458,64.6,57.2,,,
3459,63.5,58.5,,,
3460,60.4,62.4,,,
3461,57.6,65.2,,,
3462,56.8,67.8,,,
3463,56.5,70.2,,,
3464,58.8,70.5,,,
3465,59.8,70.3,,,
3466,62.5,70,,,
3467,64.7,66.7,,,
3468,68.1,63.3,,,
3469,70.7,62.5,,,
3470,71.2,61.5,,,
3471,71.8,58.7,,,
3472,72.9,57.2,,,
3473,71.3,59.4,,,
3474,70.2,62.1,,,
3475,68.8,65.7,,,
3476,68.4,66.4,,,
3477,74.8,67.6,,,
3478,78.6,65.5,,,
3479,73.8,65.1,,,
3480,68.4,67,,,
3481,66.3,64.8,,,
3482,66.3,66.1,,,
3483,67.1,72.2,,,
3484,65.9,75.9,,,
3485,64.7,71.5,,,
3486,63.1,68.4,,,
3487,63.9,69.8,,,
3488,65,71,,,
3489,65.3,71.6,,,
3490,65.6,69.5,,,
3491,66.7,69.9,,,
3492,68.6,69.5,,,
3493,69.8,68.2,,,
3494,71.7,66.3,,,
3495,70,66.6,,,
3496,68.4,67.7,,,
3497,68.6,68.5,,,
3498,69.8,69.1,,,
3499,71.1,68.9,,,
3500,69.8,69.8,,,
3501,68.6,67.7,,,
3502,69,64.5,,,
3503,69,63.6,,,
3504,69,64.2,,,
3505,68.1,67.1,,,
3506,68.1,67.8,,,
3507,66.1,63.8,,,
3508,64.8,60.8,,,
3509,61.4,59.5,,,
3510,60.2,58.9,,,
3511,58.9,56.9,,,
3512,59.4,57.7,,,
3513,59.6,59.5,,,
3514,59.3,61.3,,,
3515,60.8,64.5,,,
3516,65,65.8,,,
3517,64.2,66.1,,,
3518,60.5,65.1,,,
3519,63,65.2,,,
3520,66.5,64.7,,,
3521,67.3,62.5,,,
3522,69.1,64.1,,,
3523,68,61.6,,,
3524,69.2,59,,,
3525,70.2,61,,,
3526,69.8,63.7,,,
3527,66.6,64.3,,,
3528,64.3,65.9,,,
3529,63.1,70,,,
3530,62.1,72.9,,,
3531,62.8,71.5,,,
3532,64.7,69.5,,,
3533,66.2,67.9,,,
3534,69,63.8,,,
3535,70.6,63.7,,,
3536,73.5,61.5,,,
3537,71.4,61.7,,,
3538,68,61.3,,,
3539,64.3,59.2,,,
3540,61.5,59.7,,,
3541,62.8,61.5,,,
3542,65.7,60.7,,,
3543,62.3,58.9,,,
3544,58.9,58.1,,,
3545,54.6,57.3,,,
3546,53,59.3,,,
3547,52.1,62.2,,,
3548,52,63,,,
3549,52,59.5,,,
3550,52.5,57.9,,,
3551,53.3,55.8,,,
3552,52.7,54.8,,,
3553,53.3,58.5,,,
3554,55.8,61.6,,,
3555,56.4,64,,,
3556,56.4,66.1,,,
3557,56.8,66.2,,,
3558,59.3,67,,,
3559,59.3,68.4,,,
3560,62.7,69.7,,,
3561,65.6,71.6,,,
3562,66.6,72,,,
3563,66.5,70.2,,,
3564,67.1,68,,,
3565,69.1,66.3,,,
3566,71.2,65.7,,,
3567,73,66.4,,,
3568,73.2,66.3,,,
3569,72,66,,,
3570,67.8,64.1,,,
3571,65.9,64.4,,,
3572,67.6,66.6,,,
3573,68.5,69.5,,,
3574,70.5,72.8,,,
3575,73,71.6,,,
3576,70.8,68.7,,,
3577,69.4,66.9,,,
3578,69.9,63.6,,,
3579,71.7,63.3,,,
3580,73.2,65.4,,,
3581,75.6,66.9,,,
3582,74.3,68.6,,,
3583,72,69.8,,,
3584,68,67.4,,,
3585,68.2,66.1,,,
3586,69.1,66.6,,,
3587,69,67.1,,,
3588,69.9,67.2,,,
3589,68.1,63.3,,,
3590,67.3,64.5,,,
3591,66.2,67.2,,,
3592,65.1,68.8,,,
3593,65.4,69.5,,,
3594,65.9,73,,,
3595,66.8,74.2,,,
3596,69.1,71,,,
3597,69.3,67.4,,,
3598,70.3,63.6,,,
3599,71,63.8,,,
3600,75.1,64.2,,,