Tid (s),C1,C2
1,67,54.1
2,66.6,50
3,64,49.9
4,58.4,49.2
5,54.4,48.7
6,49.8,49.6
7,46.3,48.9
8,47.5,45.6
9,46,43.9
10,44.4,43.5
11,44.1,42.2
12,43.5,40.9
13,43.7,40.8
14,44,39.8
15,44.6,38.8
16,44.3,38.7
17,46,38.6
18,46.9,40.1
19,51.2,40.5
20,49.7,39.8
21,55.2,42
22,61.2,44.2
23,63.6,44.4
24,62.2,46.8
25,57.1,49.8
26,54.8,52.2
27,59.2,55.3
28,63,61.4
29,62.9,62.2
30,60.8,60.1
31,62.8,57
32,63.1,54.9
33,63.2,56.7
34,63.1,60.2
35,66.1,64.3
36,70.8,66.4
37,70.8,67.7
38,68.1,68.7
39,64.2,66.8
40,65.8,63.8
41,67.9,68
42,69,71.5
43,68.8,73.2
44,68,72.8
45,68,70.9
46,69.4,66.8
47,70.7,67.3
48,74,67.8
49,74.6,64.9
50,72.5,62.6
51,67.3,63
52,66,64.2
53,67.4,65.8
54,67.2,66.7
55,66,68
56,64.1,66.1
57,62.9,66.2
58,61,68.6
59,60.9,69.5
60,61.5,69.9
61,62.2,68.9
62,62.5,68
63,65.2,65.4
64,67.2,61.7
65,69,60.4
66,69.5,60.1
67,69.4,58.1
68,69.2,53.3
69,66.3,52.6
70,63.9,52.8
71,58.7,52.2
72,54.1,52.4
73,53.3,51.8
74,53.3,52.5
75,52.9,52.9
76,52.4,56.2
77,51.7,60.5
78,53.6,64.1
79,54.7,65.9
80,56.4,65.9
81,59.9,64
82,62.8,62.9
83,63,65.9
84,67.5,68.6
85,67.7,72.2
86,65.8,74.5
87,63.8,73.6
88,64.7,69.4
89,65.3,67.2
90,69.6,67.5
91,75.1,67.1
92,76.4,69.1
93,73.7,69
94,70,65.9
95,67.4,62.8
96,68.7,61.4
97,69.3,61.8
98,71.1,62.9
99,70.6,64
100,68.3,64.3
101,64.5,62.9
102,60.8,62.9
103,58.4,63.9
104,56.1,66.5
105,55,63.3
106,55.3,60.1
107,54.3,56.9
108,53.7,55.7
109,54,55.2
110,54.9,53.5
111,57.3,54.1
112,62.6,52.5
113,64.6,49.8
114,65.4,50.1
115,64.4,53.1
116,67.6,54.9
117,68.4,57.8
118,67.9,60
119,65.1,63.8
120,64.7,64.5
121,61,63
122,58.9,65.7
123,60.5,67.9
124,59.8,67.5
125,62.3,63.2
126,62.6,64
127,59.2,64.2
128,58.2,60.7
129,57.2,58.6
130,57.4,58.1
131,54.2,57
132,55.3,56.8
133,54.9,58.1
134,52.6,55
135,49.9,51.2
136,50.8,51.3
137,51.4,54.1
138,53.5,56.2
139,55.8,56.6
140,57.2,59.9
141,59.5,63.5
142,63.5,65.5
143,63.8,65.1
144,64.7,65.6
145,65.4,62.6
146,67,60.3
147,68.7,59.7
148,72.5,59.4
149,73.4,61.9
150,71,62
151,68.5,63.1
152,66.3,65.3
153,65.5,66.8
154,64,69
155,65.5,69.1
156,65.6,66
157,67.4,65.7
158,67.8,67.6
159,65.9,69
160,65.6,70.2
161,65.4,71.3
162,65.3,70.8
163,64,71.9
164,64.5,70.9
165,67.4,68.6
166,68.5,67.1
167,70.6,65.4
168,70.6,63.7
169,71.7,62.5
170,71.9,60
171,72.7,58.9
172,71.3,57.3
173,68.9,56.8
174,67.6,57.6
175,71.5,60.8
176,72,63.2
177,71.2,64.6
178,66.5,67.6
179,63.4,70.2
180,61.9,75.4
181,62.3,78.5
182,65.6,78.4
183,67.8,73.2
184,69.1,71.7
185,72.7,71.8
186,77.4,70.5
187,77.7,65.8
188,75.7,66.6
189,73.3,67.1
190,73.9,67.4
191,72.8,68
192,70.6,70.1
193,69.6,74.4
194,69.4,74.6
195,70.4,70.4
196,69.7,66.1
197,70.7,63.3
198,72.7,64.2
199,76.6,67.4
200,76.1,67.9
201,71.4,69.5
202,66.9,70.3
203,62.4,69.9
204,60.8,67.4
205,61.6,61.9
206,66.5,60.5
207,68.2,60.2
208,68.4,61.1
209,67.6,58.1
210,66.7,57.4
211,63.7,56.8
212,60.9,55.9
213,58.6,56.1
214,55.7,53.2
215,52,52.1
216,50.8,51.1
217,48.9,50
218,49.7,50.5
219,50.2,48.3
220,52.7,49.9
221,54.5,51.8
222,54.4,53
223,52.2,51.6
224,53.7,52.7
225,54.4,53.6
226,54,53.4
227,53.4,53.7
228,54,53.9
229,55.4,53.8
230,55.2,54
231,54.5,54.1
232,54.1,54.2
233,53.6,54.5
234,53.9,54.6
235,54.8,55.9
236,54.8,57.9
237,55.8,60.3
238,55.6,63.1
239,55.4,66.6
240,55.7,70.1
241,58.5,70.8
242,64.2,69.9
243,66.4,67.8
244,66.4,66.1
245,69,65.9
246,70.4,64.9
247,72.7,64.6
248,72.2,66.1
249,72.7,66
250,72.2,65
251,69,66.3
252,67,66.9
253,66.1,66.9
254,65.2,66.5
255,63.2,66.9
256,60.9,64.9
257,60.2,62.2
258,58.5,59.5
259,57.4,57.5
260,56.1,56.9
261,55.3,57.5
262,56.9,55.1
263,55.9,54.9
264,54.3,52.1
265,55.8,51.7
266,63.5,47.9
267,71.4,51.5
268,72.5,54.8
269,68,57
270,65.9,60
271,67.5,62.9
272,66.6,69.1
273,62.8,70.4
274,62.8,68.3
275,62,67
276,61.4,67.5
277,62.3,67.3
278,64.6,67
279,66.6,66.3
280,69.7,65.3
281,69.3,63.4
282,67.3,62
283,66.5,62.8
284,68.8,64.2
285,69.3,66.1
286,69,68.2
287,68.3,70.9
288,67.8,73.3
289,66.3,73.4
290,65.3,72.9
291,68.1,68.8
292,71.8,67.5
293,73.9,67.7
294,75.7,65.2
295,73.8,65.6
296,71.5,61.8
297,68.3,60.1
298,65.2,59
299,62.3,58
300,61,57.1
301,58.4,56.7
302,56.7,55.9
303,56,54.1
304,52.5,52.2
305,50.2,50.8
306,47.4,45.4
307,47.3,42.2
308,47.1,43
309,47.6,40.3
310,49.8,41.1
311,50.5,45.4
312,51.4,50
313,54.1,53.1
314,57.2,54.4
315,58.6,54.8
316,59.5,55.9
317,59.5,58.6
318,58.3,62.7
319,58.2,68.2
320,58.2,69.3
321,59.5,68.9
322,62.1,69.5
323,64,67.9
324,67.3,66.9
325,70.1,63.1
326,71.8,61.5
327,74.2,60.2
328,73.3,59.1
329,71.6,56.2
330,70.1,58.7
331,66.2,61.7
332,64,64.3
333,66,68.2
334,66.8,72.6
335,66.5,74.1
336,66.4,72.2
337,68.9,66.8
338,69.1,67.6
339,67.3,71.5
340,67.9,71.4
341,67.2,68.7
342,65,67.2
343,64.6,67.3
344,67.3,66.3
345,70.6,67.5
346,71,68.8
347,69.3,69.7
348,66.2,69.1
349,63.1,66.8
350,63.4,65.9
351,65.7,66.9
352,68.2,66.8
353,68.8,65.5
354,67.7,64.8
355,64.1,64.2
356,63.2,65.2
357,65.4,65.1
358,66,64.8
359,65.5,65.5
360,64.7,65.5
361,64.2,64.4
362,63.9,64.1
363,65.6,61.8
364,66.1,63.1
365,66.2,63.2
366,66.1,63.6
367,66.1,60.8
368,65.3,58.3
369,65.7,56.8
370,63.8,56.4
371,64.7,58.1
372,64.5,60.6
373,63.6,62.5
374,59.7,63.6
375,59.2,63
376,59,63.8
377,57.2,66.2
378,61.3,66.4
379,65.6,67.2
380,66.2,68
381,65.9,67.2
382,65.3,65
383,68.5,62
384,74.1,61
385,81.7,58.8
386,80.9,57.6
387,75,58.1
388,69.3,62.3
389,67.1,64.7
390,67.2,70.8
391,66.9,77.3
392,67.5,78.5
393,68.1,74.2
394,67.8,68
395,65.9,65.1
396,66,67.4
397,66.5,67.8
398,69,67.4
399,71.5,67.4
400,71.6,65.3
401,67.7,66.3
402,66.8,66.3
403,64.5,68.5
404,62.9,68.9
405,62.2,71.1
406,62.6,71.6
407,64.7,71.1
408,65.5,70.4
409,66,68.5
410,66.7,67.7
411,66.6,68.1
412,68.8,68.7
413,70.7,68.7
414,70.1,68.7
415,68.2,68.9
416,66.9,67.7
417,65.9,64.6
418,65,60.7
419,65.4,59.4
420,66.2,57.1
421,68.2,54.3
422,69.6,54.6
423,69.4,52.2
424,67.1,52.8
425,64.4,56.3
426,63.1,59
427,59.5,63.7
428,58.1,65.8
429,56,63.3
430,55,59.6
431,55.8,59.8
432,57.2,61.1
433,57.7,64.3
434,58.7,64.4
435,57.8,63.6
436,56.2,59.2
437,56.9,57.2
438,59.4,57.1
439,62.2,56.6
440,65.7,60.1
441,66.1,63.8
442,65.2,66.3
443,67,66.2
444,68.6,67.1
445,70.4,67.8
446,69.6,69.8
447,69,69.1
448,72.7,68.1
449,72.9,67.3
450,71,67.8
451,70.7,65.6
452,70.2,63.6
453,66.9,69.1
454,64.4,70.7
455,64.2,70.8
456,64,72.6
457,63.3,72.3
458,64.5,71.9
459,68.4,66.8
460,70.8,63.4
461,71.2,61.6
462,74.1,61.3
463,72.6,61.2
464,72.1,63.4
465,67.3,66.2
466,63.6,67.9
467,62.1,67.4
468,60.9,69.8
469,61.5,68.9
470,61.5,66.3
471,63.1,61.6
472,67,58.6
473,70.8,56.7
474,70.7,55.6
475,68.2,56.9
476,63.8,58.5
477,59.5,58
478,58.2,60.3
479,56.8,62.7
480,57,65.9
481,55.8,67.9
482,57.1,67.1
483,58.4,64.5
484,61.1,61.4
485,65,59.1
486,67,57.1
487,66.9,55.2
488,65.4,53.4
489,62.1,53.8
490,59.5,53.6
491,58.1,52.8
492,66.4,54.5
493,69.3,54.3
494,69.5,50.7
495,64.6,54.5
496,63.8,58.3
497,64.7,60.7
498,64.2,64.7
499,66.1,66.6
500,65.9,66.3
501,64.2,62.1
502,61,66.3
503,62.6,66.3
504,65.7,66.3
505,66.5,66.3
506,63.2,66.2
507,62.3,65.5
508,64,65.7
509,65.5,68.2
510,66.7,68.2
511,66.6,66.3
512,68.9,62.8
513,70.2,60.5
514,69,60.2
515,67.9,61.3
516,68.1,63.1
517,64.8,64.8
518,61.2,68.5
519,59.8,71.3
520,58.9,70.1
521,62.2,68.7
522,61.9,67
523,64.5,69.2
524,67.1,71.6
525,68.6,72.7
526,69.7,71.8
527,69.2,68.1
528,67.2,64.4
529,69.1,62.5
530,71.4,60
531,74.2,63.4
532,73.8,66.6
533,69.7,67.6
534,64.7,67.9
535,61.3,65.6
536,62.1,65.5
537,62.9,65.5
538,65,61.9
539,66.8,58.4
540,66.5,55.1
541,65.2,54.2
542,61.8,52.8
543,59.9,51.4
544,63.6,51.2
545,66.9,52.3
546,67,54.2
547,66.4,55.2
548,66.6,58
549,62.8,59.2
550,58.6,62
551,55.6,64.9
552,56.5,64.3
553,56.3,64.6
554,55.5,63.1
555,55.2,60.8
556,56.3,60.9
557,56.3,64.5
558,56.2,68
559,60.4,69.8
560,62.9,69.6
561,65.2,72.7
562,62.7,72.8
563,63,70.9
564,65.2,68.2
565,68.5,67.4
566,72.1,67.5
567,74.2,66.4
568,73.9,65.9
569,71,64.9
570,68,64.2
571,69.2,62.9
572,68.3,61.4
573,68.5,66
574,69.1,62.8
575,68.2,65
576,67.5,68.2
577,64.8,68.1
578,63.5,66
579,63.9,67.4
580,65.5,71
581,63.7,70.6
582,62.5,68.9
583,61.3,64
584,64.6,62
585,66.5,60.9
586,69.4,63
587,69.6,62.7
588,67.4,59.1
589,65.9,54.9
590,63.2,54.6
591,59.6,53.9
592,56.3,51.6
593,51.4,50.3
594,50.3,50.4
595,51.2,50.5
596,50.6,49.5
597,48.8,50.1
598,48,50.1
599,48.2,50.2
600,50.2,51.5
601,50.6,51.1
602,50.2,55.1
603,50.8,57.1
604,52.3,59.5
605,53.5,63.5
606,53.7,64.7
607,55.6,65.3
608,57.5,68.4
609,58.8,70.2
610,62.4,70
611,67.2,69.6
612,67.7,71.2
613,67.8,70.5
614,69.3,68.5
615,71.7,65.8
616,71.1,65.4
617,71.4,65.9
618,71.4,65.4
619,71.4,65.9
620,71.9,65.4
621,69.9,62.8
622,67.4,64.3
623,70.2,65.5
624,72.3,62.9
625,71.4,59.6
626,64.9,58.5
627,61.3,59.9
628,59.9,65.2
629,58.9,68.2
630,58.7,68.1
631,59.6,63.4
632,59.8,62.3
633,59.6,62.9
634,58.9,65.2
635,59.2,65.2
636,58,63.9
637,60,62.9
638,61,65.8
639,66.4,67.3
640,67.1,67.6
641,66,68.4
642,62.3,68.5
643,61.7,67.7
644,66,66.3
645,66.9,68.1
646,68.4,69.1
647,68.4,68
648,68.2,67
649,66.8,69.4
650,65,71.3
651,67.6,62.8
652,68.1,60.2
653,66.8,58
654,62.6,56.2
655,58.6,54.4
656,56.4,49
657,54,49.9
658,56.3,50.2
659,56.8,49.4
660,57.8,48.2
661,62.5,46.2
662,66.3,48.2
663,66.5,49.1
664,62.8,53.4
665,65.3,56
666,72.8,57.9
667,76,60.1
668,75.6,64.3
669,70.6,64.8
670,66.2,62.7
671,65.2,63.8
672,63.8,71
673,65.4,75.6
674,64.4,74.7
675,65.6,67.7
676,64.4,68.8
677,65.4,69.8
678,66.1,68.5
679,67.9,67.7
680,70.7,66.8
681,69.8,65.3
682,69.1,65.1
683,67.7,63.6
684,67.1,62.7
685,66,63.3
686,64,62.6
687,62.5,64.4
688,59.6,64.9
689,58.4,61.7
690,58.6,62.9
691,58.6,64.6
692,58.4,66.6
693,57.7,68.7
694,59.2,69.4
695,59.2,69
696,61.1,69.3
697,63,67.7
698,67.1,67.9
699,71.4,67.3
700,77,67.1
701,78.6,65.5
702,77.8,66
703,71.7,63.9
704,70.4,60.3
705,68.8,61.3
706,67.7,65.1
707,67.2,69.5
708,67.4,78.1
709,66.9,80.8
710,64.8,79.5
711,65.3,73.3
712,65.8,72.2
713,66.9,71.6
714,67.1,70.7
715,67.2,66.9
716,67.1,65
717,67,63.1
718,68.6,63
719,70.7,63
720,69.9,64.1
721,69.8,65.2
722,69.8,68
723,66.5,67.3
724,66.4,66.3
725,65.5,61
726,67.6,62
727,69.2,60.9
728,70.8,58.9
729,69.3,61.5
730,65.6,65.9
731,61.6,65.7
732,60.2,66.4
733,61.8,66.8
734,64.7,66.3
735,64.5,67.3
736,63.8,66.1
737,66.2,65.7
738,68.4,64.4
739,67.6,66.3
740,66,67.2
741,70.2,67.2
742,70.9,67.2
743,68.4,66.9
744,65.7,65.7
745,66.2,63.3
746,65.9,64.3
747,64.8,68.2
748,64.5,68.4
749,64.4,64.7
750,63.9,68.4
751,63.4,71.3
752,64.9,70.7
753,64.4,69.9
754,63.6,71.1
755,62.5,70.8
756,65,70.3
757,68,68.3
758,70.3,66.6
759,70.5,69.1
760,69.5,69.6
761,69.7,67.6
762,71.8,66.3
763,72.1,70.3
764,71.4,69.7
765,70,68.2
766,68.5,69
767,69.7,67.4
768,72.4,64.4
769,72,66.3
770,68.8,68.3
771,69,68
772,71.2,69.1
773,71.2,69.9
774,68.2,69.1
775,68.8,66.9
776,71.2,64.9
777,71.2,66.4
778,69.3,68.1
779,68.8,66.3
780,68.8,62.5
781,69.3,62
782,68.4,65.7
783,67.2,66.1
784,67,64
785,67.6,61.3
786,69,65.8
787,68.4,65.9
788,67.7,66.3
789,67.5,66.7
790,62.8,65
791,62,66.3
792,59.8,64.7
793,59.1,65.4
794,57.2,64.8
795,57.5,61.6
796,56.8,60.1
797,56.9,61.6
798,55.9,61.6
799,57.8,63.5
800,56.9,64.6
801,55.1,64.6
802,55.5,63.1
803,56.9,64.9
804,59.7,64.9
805,63.5,64.2
806,65.2,60.6
807,64.2,60.6
808,62.7,63.5
809,64,65
810,64.4,65.6
811,63.5,66.6
812,65.7,66.8
813,69.4,66.8
814,68.6,67.1
815,66.8,67.7
816,66.2,67.1
817,67,65.9
818,68.8,64.8
819,70.7,68.1
820,71.7,68.4
821,71.2,67.4
822,68.9,67.7
823,68.7,69
824,66.9,71
825,65.9,72.2
826,67,73.1
827,68.9,73.6
828,69.6,71.5
829,71.1,67.9
830,72.6,68.3
831,73.1,68.9
832,74,68.8
833,73.4,65.4
834,70.6,64.5
835,66.3,64.8
836,66.1,66.1
837,67.9,65.3
838,67.1,65
839,63.7,61.3
840,62.7,59.4
841,63.2,59.8
842,67.2,58
843,72.1,57.4
844,76.8,56.7
845,76.5,56.8
846,71.6,60.3
847,69,63.3
848,68.2,65.2
849,69.7,70.2
850,69.4,76.7
851,68.7,76.9
852,67.3,71.2
853,66.7,66.9
854,67.2,66.3
855,67.3,67.1
856,66.5,69.7
857,66.7,69.7
858,66,66.8
859,67.7,65.9
860,70.2,65.7
861,72,66.5
862,71.3,68
863,70.5,68.8
864,69.6,70.1
865,71.8,72.4
866,73,72
867,72.1,72.1
868,67.9,72.7
869,71.6,70.8
870,71.9,68.4
871,73.5,67.3
872,72.6,69.2
873,71.4,70.5
874,70.9,70
875,68.1,71.9
876,70.4,72.6
877,68.9,73.4
878,65.9,71
879,66.7,66.9
880,71.5,64.9
881,73.8,64.1
882,74.2,61.2
883,73.2,63.1
884,68.7,65
885,64.9,65.6
886,61.2,66.9
887,57.7,67.1
888,57.5,66.5
889,58.9,64.1
890,63.4,61
891,65.8,58.7
892,68,57.3
893,68.6,55.2
894,70.7,53.5
895,70.9,52.9
896,68.8,56.1
897,68.5,58.9
898,69.7,62.7
899,64.8,66.5
900,62,67.3
901,67,63.5
902,67.8,66.9
903,66.2,68.2
904,62.3,65.1
905,65.1,60.3
906,62.1,61.8
907,60.8,65.2
908,60,65.2
909,59,62.4
910,58.2,63
911,56.8,66.4
912,58.7,68.9
913,60.5,73
914,61,74.1
915,60.7,73.8
916,63.4,72.6
917,67.3,72.4
918,70.6,69.5
919,74.6,69.3
920,74.1,72
921,73.4,71.9
922,74.1,71.7
923,72.7,68.8
924,68.8,68.4
925,68,68.8
926,71.8,68.7
927,73.3,67.7
928,72.9,67.5
929,70.2,66.8
930,69.7,67.4
931,69.1,67.4
932,68.6,66
933,69.6,62.8
934,70.8,61.2
935,70.5,60.3
936,67.9,61.3
937,67.7,64.3
938,67.2,68.1
939,64.4,70.8
940,63.4,70.4
941,62,68.4
942,63.2,65.4
943,65.6,65.5
944,69,65.2
945,70.3,65.3
946,69.7,60.6
947,66.4,57.5
948,65.6,57
949,65.9,56
950,66.5,52.3
951,65.5,49.3
952,64.7,48.2
953,65.8,52.5
954,65.3,55.2
955,65.8,56.9
956,63.3,59.6
957,60.8,64.1
958,60,68.8
959,59.3,70.1
960,59.9,71.1
961,62.2,69.8
962,64.7,66.1
963,68.4,62.9
964,71.2,65.8
965,71.3,66.3
966,69.6,66.9
967,69.5,64.6
968,65.6,61.2
969,66.3,62.3
970,67.4,62.1
971,67.9,59.6
972,67.9,62.4
973,66.3,66.2
974,66.2,66.2
975,63.9,62.8
976,61.4,64
977,62,63.9
978,64,63.5
979,65.3,63.7
980,65.4,65.3
981,62.9,66.9
982,63.4,67.7
983,63.4,69.4
984,64.9,70.4
985,64.4,70.3
986,64.7,66.8
987,66.7,64.8
988,68.4,62.2
989,70.7,59.4
990,70.6,59
991,68.2,58.9
992,66.3,58.4
993,70.4,56.6
994,70,54.5
995,67.4,56.3
996,61.7,59.5
997,59.3,61.4
998,58.8,67
999,58.3,69.4
1000,58.9,67.9
1001,58.3,62.5
1002,57.3,60.2
1003,55,58.2
1004,54.7,56.5
1005,55.2,56.3
1006,55.1,54.7
1007,54.6,54.5
1008,57,55.2
1009,56.2,54.8
1010,48.8,52.6
1011,49,49.5
1012,53.1,49.8
1013,56.6,52
1014,58.7,52.9
1015,66.4,55.7
1016,68.7,58.3
1017,66.7,60.8
1018,63.8,63
1019,62.6,64.5
1020,56.4,66.9
1021,58.3,68.4
1022,59.6,65.7
1023,60.9,64.1
1024,62.3,63.5
1025,63.6,64.1
1026,63.9,64.3
1027,64,63.5
1028,64.9,59.6
1029,64.3,60.4
1030,62,58.7
1031,62.8,52.3
1032,63.1,54.2
1033,63.5,55.1
1034,65,56.7
1035,66.3,58.2
1036,64.6,59.9
1037,65.8,63.3
1038,65.5,67
1039,65.4,69.7
1040,67.3,69.6
1041,65.1,67.8
1042,63.1,67.8
1043,67.6,68.5
1044,68,67.5
1045,71,68.7
1046,71,68
1047,69.6,67.6
1048,67.5,69.3
1049,66.9,69.3
1050,65.8,70.1
1051,68.3,71.3
1052,68.7,71.4
1053,68.7,70.5
1054,68.4,68.3
1055,68.2,69.5
1056,69.1,70.8
1057,69.2,71.2
1058,70.8,71.8
1059,71.4,70.7
1060,69.3,69.2
1061,59.1,67.6
1062,62.7,68.3
1063,66,67.4
1064,67.9,66.6
1065,69.3,65.8
1066,69.2,63.7
1067,69.6,61.9
1068,69.4,63.3
1069,68.4,64.4
1070,68.3,65.2
1071,67,65
1072,65.9,65.3
1073,66.2,64.3
1074,66,63.4
1075,65.9,64.2
1076,63.7,65.1
1077,75.8,65.7
1078,75.5,65.5
1079,80.8,65.7
1080,82.5,65.9
1081,79.8,67.1
1082,67.3,67.9
1083,66.2,67.8
1084,65.9,67.6
1085,64,68.8
1086,69.6,70.2
1087,70.2,74.1
1088,69.1,75.3
1089,67.5,77.8
1090,70.8,74.4
1091,67.2,67.1
1092,63.2,67.1
1093,64.2,67
1094,65.8,62
1095,66.1,62.5
1096,66.4,61.7
1097,63.4,61.2
1098,59.8,64.4
1099,64.1,66.4
1100,64.4,66
1101,61.2,65.1
1102,58.5,62.7
1103,55.4,60.6
1104,54,60
1105,54.9,63.3
1106,57.2,66.3
1107,57.6,68.8
1108,58.5,69
1109,62,68.2
1110,60.5,62.8
1111,62.5,61.1
1112,66.2,62.6
1113,67.4,66.5
1114,65.9,67.3
1115,64.6,67.2
1116,59.8,65.2
1117,59.3,60.7
1118,62.2,57.8
1119,66.1,55.6
1120,66.1,54.6
1121,64.6,50.7
1122,60.8,49.9
1123,56.6,50.3
1124,52.3,50.7
1125,47.3,50.6
1126,47.7,48.2
1127,49.2,45.3
1128,51.1,41.7
1129,58.9,40.5
1130,56.4,41.9
1131,51.7,42.2
1132,52.3,44.1
1133,52.1,43.3
1134,53.4,43.1
1135,53.2,44.2
1136,53.3,46.9
1137,56.3,48.7
1138,55.7,50.4
1139,56,51.5
1140,55.8,53.2
1141,57.7,57.6
1142,56.3,60.8
1143,57.2,64.1
1144,58.7,66.6
1145,60.6,67.3
1146,64.7,67.1
1147,68.9,68.5
1148,73.5,68.8
1149,76.3,67.2
1150,74.5,63
1151,72.4,60.5
1152,71.2,62.4
1153,72.3,67.7
1154,71.2,71.2
1155,70,73.9
1156,68.1,74.2
1157,68.8,75.2
1158,68.9,74.9
1159,72.3,72
1160,77.9,67.9
1161,78.6,66.7
1162,75.8,66.5
1163,73.4,66.1
1164,70.8,64.9
1165,69.2,67.2
1166,67.9,74.2
1167,67.2,74.8
1168,68.1,71.1
1169,67,67.6
1170,67.4,64.6
1171,69.6,63.2
1172,71.2,63
1173,69.2,65.5
1174,67.6,65.7
1175,66,63.8
1176,69.1,64
1177,70.1,64.2
1178,69.3,67.6
1179,67,68.5
1180,65,66.8
1181,65.2,65.2
1182,64.2,65.6
1183,62.4,67.5
1184,64.1,68.6
1185,64.9,65.5
1186,63.8,64.7
1187,63.5,67.1
1188,63.3,69.7
1189,62.3,71.1
1190,60.7,70.8
1191,60.6,67.8
1192,63.7,63.5
1193,67.1,59.6
1194,71.1,58.9
1195,72.5,57.7
1196,71.6,55.8
1197,69.6,53.5
1198,66.8,53.1
1199,64.2,53.8
1200,58.7,53.4
1201,53.6,51.9
1202,51.2,51.5
1203,51.7,50.4
1204,51.5,47.4
1205,51.2,43.1
1206,54.4,42
1207,54.8,42.8
1208,54.8,43.5
1209,54.9,43.1
1210,57.4,44.5
1211,58.6,46
1212,61.1,49.8
1213,66.8,52.9
1214,72.1,54.4
1215,72.6,56.2
1216,70.3,58.6
1217,67,62.1
1218,65.6,64.7
1219,66.6,67.9
1220,66.4,71.3
1221,65.3,70.9
1222,66.1,69.9
1223,65,70
1224,65.5,71.8
1225,66.3,72.9
1226,66.6,72.7
1227,68,71.4
1228,70.5,69.1
1229,72.1,68.5
1230,74.9,66.2
1231,74.5,66.3
1232,73.8,66.8
1233,73.8,67.2
1234,72.8,67.6
1235,72.2,68.3
1236,71.2,68.8
1237,69.4,69
1238,67.4,67.9
1239,67.3,65.9
1240,65.6,67.5
1241,66.2,71.1
1242,66.6,69.7
1243,66.7,65.8
1244,66.4,63.7
1245,65.9,63
1246,65.3,62.7
1247,65.1,62
1248,63.9,58.3
1249,63.6,59.2
1250,63.5,61.5
1251,62.1,58.9
1252,58.8,56
1253,57.3,54.5
1254,56,55.9
1255,56,59.4
1256,56.5,60.1
1257,57,59.9
1258,58.2,57.9
1259,60.6,59.1
1260,65.1,61.1
1261,67.5,61.3
1262,70.2,63.8
1263,70.5,64.7
1264,69.7,67.7
1265,68.4,70.2
1266,66.7,73.4
1267,64.1,73.4
1268,65.5,72.5
1269,69.1,71.2
1270,70.4,71.7
1271,73.7,71
1272,75.5,71.5
1273,74.7,69.7
1274,73.2,65.7
1275,74.9,63.7
1276,72.8,65.9
1277,72.3,66.5
1278,71.5,64.3
1279,68.4,68.8
1280,67.4,71.3
1281,71.6,69.6
1282,74.5,64.7
1283,74.7,62.6
1284,72.8,61.7
1285,70.7,62.6
1286,65.1,65.1
1287,63.5,67.6
1288,63,70.2
1289,63.7,70.1
1290,62.4,68.7
1291,60.1,66.5
1292,59.2,64.8
1293,61.3,66.1
1294,61.6,65.2
1295,61.7,66.2
1296,60.3,65.9
1297,60.1,65.3
1298,59.6,59.8
1299,60.5,58
1300,61.9,56.1
1301,64,54.5
1302,64.3,51.9
1303,62.3,48.7
1304,59.2,46.8
1305,62.4,45.6
1306,65,45.3
1307,65.1,48.9
1308,63,50.7
1309,57.1,54.7
1310,54.6,57.9
1311,56,63.2
1312,55.3,66.1
1313,55.7,65.1
1314,56.5,60.8
1315,54.5,57.9
1316,54.4,56.2
1317,54.2,56.4
1318,55.1,59.3
1319,56.1,61.6
1320,56.2,64.5
1321,56.5,66.5
1322,56.2,67.2
1323,55.3,66.9
1324,57.6,66.5
1325,61.5,67.1
1326,64.5,66
1327,67.4,65.1
1328,67.5,63.9
1329,65.9,65.9
1330,66.9,66.4
1331,67.1,65.8
1332,67.2,66.5
1333,65.4,66.8
1334,63.3,66
1335,65.8,65.7
1336,65.8,64.4
1337,66.6,61.4
1338,68.5,59.1
1339,68.8,58.2
1340,67.6,56.6
1341,69.8,56.5
1342,69.4,57.6
1343,66.3,62.4
1344,67.2,64
1345,70.5,64.3
1346,73,66.7
1347,72.7,66.1
1348,69.6,61.9
1349,67.8,63.7
1350,67.5,66.9
1351,66.2,68.3
1352,66,72
1353,63.9,70.9
1354,61.8,67
1355,62.2,68.5
1356,62.4,67.5
1357,62.3,65
1358,64.3,66.4
1359,65.1,66.4
1360,65.3,65.5
1361,62.9,67.5
1362,61.5,66.7
1363,59.5,65
1364,60.8,63.3
1365,63.7,64
1366,66,61.6
1367,68.1,61.1
1368,67.9,63.3
1369,65.4,65.9
1370,62.3,66.9
1371,60.4,66.8
1372,59.9,64
1373,59.7,65.2
1374,61.4,66.8
1375,63,68.3
1376,63.6,68.4
1377,63.4,66.5
1378,62.6,68.3
1379,63.7,69.4
1380,66.8,66.8
1381,67.4,66.6
1382,67.1,67
1383,66.8,66.2
1384,68.5,63
1385,68.9,64.5
1386,68.3,66
1387,67.1,68.2
1388,66.4,68.2
1389,65.2,68.4
1390,65.9,71
1391,66.7,70.9
1392,68.1,69.1
1393,70.3,64
1394,70.2,61.7
1395,71.7,64.2
1396,71.1,66.3
1397,66.7,68.5
1398,62.5,68.6
1399,67.8,67.8
1400,71.9,66.4
1401,71.9,62.7
1402,69.7,61.5
1403,68.8,62.7
1404,67.3,66.6
1405,67.3,68.6
1406,67.4,66.8
1407,65.8,61.2
1408,69.9,62.5
1409,71.9,65.2
1410,71.8,65.5
1411,67,65.4
1412,62.8,65.1
1413,60.6,64
1414,59.1,68
1415,59,71.2
1416,59.2,70.7
1417,59.6,65.7
1418,59.8,60.5
1419,58.7,58.5
1420,58.4,57.3
1421,58.9,57.6
1422,61.7,58.5
1423,64.4,57.6
1424,64.9,54.8
1425,62.7,56.3
1426,59.3,56.2
1427,61.2,57.2
1428,64.9,60.7
1429,65,63
1430,61.9,62.7
1431,58.4,59.6
1432,66.4,58.1
1433,69,57.2
1434,68.9,59.3
1435,62.8,60.8
1436,57.5,60.5
1437,57.1,60.5
1438,55.4,64.4
1439,55.3,64.1
1440,54.3,59.5
1441,53.7,56
1442,54.5,59.3
1443,56.9,62.2
1444,56.5,64.8
1445,57.1,65.4
1446,58,65.1
1447,57.9,63.5
1448,59.7,66.1
1449,63.4,67
1450,66.1,66.5
1451,65.7,62.9
1452,64,59.5
1453,63.9,58.3
1454,67.6,57.2
1455,67.8,55.5
1456,66.2,53.5
1457,65.5,55.2
1458,65.3,56.7
1459,60.7,60.9
1460,58.8,63.6
1461,63,66.9
1462,64,68.1
1463,64.6,68.4
1464,65.7,65.8
1465,64.4,63
1466,66.3,59.8
1467,66.2,61.1
1468,68.6,61
1469,69.3,62.9
1470,69.5,63.4
1471,70.8,64
1472,71.3,64.3
1473,70.7,63.4
1474,68.3,65.9
1475,67.2,65
1476,69,65.2
1477,72.3,68
1478,72.4,68.3
1479,68.6,65.4
1480,63.6,65.2
1481,63.6,64.7
1482,67.2,68.4
1483,74.3,70
1484,80,69.5
1485,76.1,66.1
1486,74,62.6
1487,70.4,62.2
1488,68.3,61.7
1489,65,65.2
1490,64.8,65.1
1491,63.9,64.5
1492,64.2,68.7
1493,65.4,74.2
1494,65.9,77
1495,66.1,75.6
1496,66.3,72
1497,64.6,68
1498,63.1,66.1
1499,61.4,67
1500,61.9,67.6
1501,65.4,67.9
1502,68.4,67.2
1503,68.1,67.5
1504,68.6,67.8
1505,68.2,68.3
1506,72.1,66.7
1507,73,64.2
1508,72,65.5
1509,69.8,66.2
1510,67.9,67.1
1511,66.1,69.3
1512,65.2,69.9
1513,63.8,68.1
1514,64.6,63.6
1515,65.1,63.5
1516,60.1,61.9
1517,61.6,62.5
1518,69.1,59.8
1519,71.4,59.3
1520,70.1,62.6
1521,65.5,65.8
1522,60.8,69.4
1523,61.1,71.4
1524,58.9,70.2
1525,57.2,64.2
1526,58.9,62.5
1527,58,62.2
1528,59.9,66.4
1529,62.8,69
1530,65.5,71.1
1531,63.4,74
1532,62.2,74.3
1533,62.9,73.9
1534,65,73.7
1535,67.8,73.4
1536,72.5,73.2
1537,75.5,73.1
1538,75.4,69.7
1539,75.2,68.2
1540,74.6,67.6
1541,75.6,66
1542,75.2,62.7
1543,74,57.7
1544,70,61.1
1545,70.4,63.9
1546,69.9,65.6
1547,69.3,67.2
1548,69.9,65
1549,70.3,62.3
1550,69.3,65.8
1551,69.9,69.4
1552,69.8,70.2
1553,69.4,71.2
1554,68.4,70.7
1555,71,71.1
1556,71.3,70.8
1557,69.8,71.7
1558,70.6,71.3
1559,72.1,71.3
1560,75.3,70.2
1561,74.4,71
1562,73.4,71.1
1563,72.5,69.3
1564,72.2,66.5
1565,73,65.8
1566,72.7,68.4
1567,71.6,70.5
1568,69.5,69.5
1569,71.7,67.6
1570,71.1,64.7
1571,70.5,66.7
1572,68.2,66.6
1573,64.8,66.2
1574,62.7,65.6
1575,65.3,65.1
1576,65.2,65.9
1577,68.3,63.1
1578,68.2,62.8
1579,67.3,61.9
1580,65.4,63.1
1581,64.5,60.9
1582,60.1,61.2
1583,53.3,61.4
1584,54.9,63.9
1585,63.5,60.2
1586,62.3,65.7
1587,52,66.7
1588,49.6,62.8
1589,48.3,71
1590,51.2,71.6
1591,47.8,73.6
1592,47.9,67.4
1593,46.9,60.5
1594,46.4,56
1595,47.4,53.5
1596,46.8,58.4
1597,48.3,55.6
1598,63.2,56.8
1599,63.3,56.8
1600,63.7,57.2
1601,63.1,58
1602,63.4,59.1
1603,59.8,62.6
1604,59.8,68.4
1605,59.7,72.7
1606,61.1,73.8
1607,58.6,72.4
1608,61.3,69.3
1609,66.8,66.6
1610,71.5,62
1611,74.3,60.1
1612,74,60.3
1613,72.1,58.7
1614,68.9,58.4
1615,63.5,57.4
1616,63.9,55.8
1617,67.3,56.1
1618,66.3,54.3
1619,59.7,54.8
1620,54.8,57.5
1621,53.5,60.7
1622,52.6,64.4
1623,53,64.1
1624,53.9,59.4
1625,54,56.4
1626,54.6,59.6
1627,57.2,64
1628,61.8,67
1629,65.4,67.8
1630,66.3,67.6
1631,67.1,62.5
1632,71,60.7
1633,72,59.9
1634,72.4,63.7
1635,70.4,65.7
1636,70.9,65.8
1637,71.5,69.1
1638,70.1,70.5
1639,68.2,70.5
1640,67.5,68.8
1641,68.1,70.5
1642,69.1,72.3
1643,70.7,72.1
1644,70.6,69.8
1645,67.6,68.7
1646,70.3,69
1647,71.4,67
1648,69.2,69.6
1649,70.5,69.3
1650,72.4,69.1
1651,71.7,68.8
1652,69.3,70
1653,69.5,71.2
1654,68.1,71.7
1655,69.3,70.3
1656,68.8,72.2
1657,67.9,70.3
1658,69.9,69.9
1659,72.5,69.8
1660,72.2,68.6
1661,71.3,64.6
1662,67.5,61.7
1663,68,60.4
1664,67.3,62
1665,68.8,62.7
1666,69.4,59.4
1667,69.2,61.2
1668,65.8,61.8
1669,65.8,58.5
1670,67.4,56.7
1671,65.1,59.5
1672,59.8,62.1
1673,57.8,61.8
1674,62,62
1675,67.3,61.4
1676,67.2,62.5
1677,62.5,62.7
1678,59.8,61.2
1679,58.6,62.2
1680,58.9,65.5
1681,57.1,65
1682,58.4,65.4
1683,60.8,66.7
1684,60.7,67.5
1685,58.1,67.4
1686,62.7,67.6
1687,64.2,66.6
1688,64.3,66.1
1689,66,64.7
1690,67.3,61.3
1691,67.4,59.3
1692,68.2,59.4
1693,67.8,63.6
1694,66,65.3
1695,65.8,66.8
1696,65.1,67.1
1697,62.6,67.3
1698,61.9,66.6
1699,62,64.8
1700,63.6,59.9
1701,65.9,59.2
1702,66.8,56.5
1703,67.2,55.8
1704,66.6,56.9
1705,65.9,56.9
1706,68.8,53.3
1707,68.7,53.2
1708,63.8,56.4
1709,68.2,58.5
1710,73.6,61.4
1711,73.5,65.8
1712,71.6,66.5
1713,71.1,65.1
1714,67.6,66
1715,64.7,71.1
1716,64.8,73.8
1717,65.1,72.1
1718,64.7,70.4
1719,65.8,68.8
1720,65.1,65.9
1721,66.6,64.1
1722,68.4,63.5
1723,68.3,64.2
1724,68.6,64.3
1725,68.6,65.8
1726,64.7,66.7
1727,60,68.3
1728,59.5,67.6
1729,61.6,66.8
1730,63.3,67.3
1731,65,66.6
1732,67.3,63.5
1733,68.8,58.2
1734,66.9,56.8
1735,63.7,57.9
1736,66,59.1
1737,66.6,60.1
1738,65,63.2
1739,61.5,66.8
1740,57.8,67.8
1741,55.2,67.5
1742,56.7,64.1
1743,60.1,60.5
1744,64,62.6
1745,67.8,65.1
1746,67.7,65.1
1747,65.2,65.5
1748,61,62.9
1749,60.4,67.5
1750,63.6,69.8
1751,67.3,70.4
1752,67.3,70
1753,66.4,65.3
1754,61.7,60.9
1755,64.6,58.3
1756,69.9,57.5
1757,70.9,56.5
1758,69.8,53.1
1759,67.3,53.6
1760,66.3,54.7
1761,64,60.6
1762,64.3,64.6
1763,65.6,67.4
1764,67,70.5
1765,66.6,70.6
1766,66.8,68.8
1767,66.6,63.3
1768,64.7,64.5
1769,69.2,64.9
1770,71.8,67.1
1771,71.4,68.1
1772,70.4,68.5
1773,66.3,66.2
1774,63.1,63.3
1775,63.5,67.4
1776,63,67.7
1777,65.1,68.2
1778,66.3,70.4
1779,64.4,71
1780,62.8,71.1
1781,63,71.2
1782,65.7,67.8
1783,66.7,68.1
1784,68.8,68.4
1785,70.5,67.8
1786,71.6,67.3
1787,70.4,66.2
1788,68.9,67.4
1789,67.1,67.5
1790,67.3,70.5
1791,66.8,71
1792,66.7,70.5
1793,66.7,68.4
1794,66,63.3
1795,64.7,61.8
1796,67.3,58.6
1797,70.3,54.9
1798,71.3,54.8
1799,70.4,54.3
1800,68.9,53.3
1801,64.1,52.1
1802,59.9,54.3
1803,57.5,55.4
1804,58.3,55.9
1805,55.5,56.5
1806,54.2,60.1
1807,52.9,64
1808,51.6,67.1
1809,54.5,69.2
1810,56.2,69
1811,57.6,67.9
1812,60.8,69.6
1813,64.2,69.2
1814,69.7,68
1815,70.5,64.7
1816,71,62
1817,74.8,60.4
1818,74.2,59.4
1819,70.3,62.8
1820,64.3,66.4
1821,64.7,68.8
1822,64.6,72.6
1823,67.8,71
1824,70.7,63.9
1825,70.3,61.3
1826,67.6,60.1
1827,67.5,62.8
1828,66.9,62.7
1829,65.7,63.2
1830,65,67.3
1831,64.7,67.8
1832,66,65
1833,66.2,65.4
1834,66.8,63.9
1835,64.8,64.2
1836,61.7,64.3
1837,60.9,65.4
1838,58.9,65.5
1839,58.4,67.4
1840,58.6,67.5
1841,59.9,67.6
1842,61.5,69
1843,62.5,68.9
1844,64.9,69
1845,67.8,70.6
1846,67.8,74.1
1847,67.8,75.3
1848,69.7,74
1849,68,68.5
1850,66,66.8
1851,70.8,64.9
1852,72.3,59.8
1853,74.4,63.4
1854,72.7,64.8
1855,70.7,61.5
1856,65.3,59.3
1857,66.7,63.1
1858,68.9,63.1
1859,71.7,60.6
1860,71.6,58.1
1861,68.7,59.8
1862,63.7,61.8
1863,61.8,65.7
1864,61.4,66
1865,60.3,69.6
1866,62.6,72.4
1867,64.3,72.1
1868,67.9,70.3
1869,68.1,69
1870,68,69.4
1871,71.6,69.2
1872,71.6,68.6
1873,70,70.3
1874,69.4,70.6
1875,69.1,69.8
1876,69.1,71.4
1877,69.3,73.1
1878,68.4,72.8
1879,69.5,70.5
1880,68.3,66.9
1881,68.1,66.8
1882,68.7,68.8
1883,68.8,69.4
1884,72.6,67.3
1885,71.8,62.9
1886,69.2,61
1887,67,59.6
1888,64.5,58.5
1889,66.9,56.7
1890,67.7,55.4
1891,66.9,59
1892,64.2,58.5
1893,67.2,59.5
1894,67,61.9
1895,62.5,65.1
1896,61,67.9
1897,65.4,67.5
1898,66.4,67.5
1899,66.5,65.7
1900,63.1,66.4
1901,63.9,68
1902,65.9,68
1903,66.9,68.2
1904,65.5,67.8
1905,64.7,67.5
1906,65,68.3
1907,65.5,68
1908,67.1,68
1909,68,67.9
1910,68,68.5
1911,66.8,69.3
1912,65.7,69.7
1913,66.2,69.8
1914,64.8,69.3
1915,65.6,68.8
1916,66.3,69.5
1917,68.1,69.6
1918,69.1,67.7
1919,69.3,65.6
1920,69.7,63.3
1921,69.1,62.4
1922,69,61.5
1923,69.6,60.7
1924,68.8,61.4
1925,68,63.1
1926,67.7,65.7
1927,65.6,67.8
1928,62.5,68.6
1929,59.5,68.5
1930,60,66.9
1931,64.1,66.9
1932,65.5,65.5
1933,67.3,62
1934,69.9,67.2
1935,69.5,60.2
1936,68.9,64.2
1937,66.9,58.7
1938,66,60.1
1939,68.4,60.4
1940,77.1,62.2
1941,80.9,65
1942,78.8,68.2
1943,69.8,68.9
1944,63.3,70
1945,65.4,75.3
1946,68.1,79.7
1947,68,79.2
1948,68.9,71.8
1949,68.2,67.7
1950,68.1,65.6
1951,68.6,64.1
1952,68.5,64.4
1953,68.9,63.9
1954,67.7,61
1955,64,59.3
1956,59.5,57.9
1957,55.7,54.4
1958,49.3,49.8
1959,46.8,47.7
1960,46.7,44.8
1961,46.1,45.2
1962,46.2,44.8
1963,46,43.4
1964,46.1,42.8
1965,45.7,45.5
1966,44.9,47.8
1967,45.9,50.7
1968,49.8,53.3
1969,52.9,53.6
1970,54.7,53.4
1971,54.7,53.9
1972,53.4,57.5
1973,54,62.4
1974,55.1,64.8
1975,56.1,65.9
1976,56.2,65.8
1977,57.6,62.7
1978,61.5,60.6
1979,66.8,62.3
1980,70.1,65.7
1981,69.8,68.6
1982,69,69
1983,65.8,68.2
1984,66.2,64.4
1985,67.6,66.4
1986,70.4,69.6
1987,70.3,70.6
1988,68.1,69
1989,64.2,67
1990,65.3,65.6
1991,67.4,66.8
1992,68.2,65.7
1993,67.5,65.2
1994,64.6,63.2
1995,61.9,62.8
1996,59.7,63.7
1997,58,67.3
1998,59.2,67.6
1999,63.1,67.2
2000,64.5,64.2
2001,64.3,62.3
2002,66.8,61.1
2003,68.7,61.3
2004,69,62.6
2005,66.3,61.1
2006,61.1,60.5
2007,58.4,62.2
2008,58.3,61.8
2009,59.1,61.3
2010,62.2,62.4
2011,65.8,66.1
2012,68.5,68.7
2013,68.4,70
2014,64.7,68.7
2015,62.1,66.3
2016,65.9,63.4
2017,68.9,61.7
2018,72.8,65.2
2019,71.7,67
2020,68.3,66.6
2021,65.5,62.4
2022,62.8,60.3
2023,59.7,63.1
2024,59.4,66.6
2025,59,68.8
2026,58.7,69.3
2027,58.9,69.3
2028,61.3,69.2
2029,65.6,67.2
2030,67.3,67
2031,68.6,64.9
2032,68.9,66.7
2033,69.9,67.7
2034,69.1,68.6
2035,65.9,71.1
2036,66.8,71.6
2037,67.9,69
2038,67.8,69.2
2039,69.7,69.1
2040,73.9,68.7
2041,77.2,68.7
2042,76.2,68.1
2043,74.3,65.9
2044,75.9,65.9
2045,76.1,66.8
2046,73.9,68.2
2047,72.5,72.2
2048,70.7,76
2049,69.4,74.9
2050,68.6,73.4
2051,68.2,75.7
2052,67.8,75.6
2053,68.3,71.1
2054,67.2,72
2055,67.4,71.3
2056,66.5,73.9
2057,66.6,74.3
2058,65,74
2059,65.2,69.3
2060,65.5,69
2061,67,66.4
2062,66,66.7
2063,66.2,66.3
2064,67.9,65.1
2065,71.1,64.3
2066,70.9,66
2067,69.4,66.6
2068,69.6,65.2
2069,72.4,62.7
2070,73.3,65
2071,72.4,68.1
2072,69.4,67.9
2073,66.5,65.1
2074,66.1,64.5
2075,63.2,66
2076,63.1,69.9
2077,63.1,73.2
2078,63.9,72.5
2079,64.1,66.3
2080,63.6,62.2
2081,63.5,60.3
2082,63,62.7
2083,63,64.6
2084,62.4,64.6
2085,59.5,60.4
2086,58.5,60
2087,58.6,59.7
2088,59.4,59.8
2089,64.4,58.6
2090,66.2,59.6
2091,65.3,62.6
2092,65.7,65.2
2093,65.5,67.7
2094,63.1,68.9
2095,63.6,69.2
2096,66.4,66.9
2097,67.1,66.4
2098,68.1,70.1
2099,70.7,69.2
2100,69.9,67
2101,67.3,64.7
2102,68.2,67.4
2103,72.2,68.7
2104,72.2,68.1
2105,69.8,66.2
2106,66.2,63.5
2107,69.4,63.3
2108,71,65.6
2109,70.8,67.8
2110,68.5,68.5
2111,67.1,69.4
2112,68.7,68.4
2113,68.2,65.9
2114,67.2,66.3
2115,69.5,69.9
2116,69,71
2117,69.2,69.8
2118,67.5,71.2
2119,67.5,71.8
2120,69.3,72.8
2121,69.9,74
2122,69.3,73
2123,70.7,69.4
2124,71.2,67.9
2125,72.3,65.3
2126,74.2,64.6
2127,75.4,63.5
2128,73.7,63.2
2129,70.5,65.3
2130,70.1,67.6
2131,69.2,68
2132,68.7,66.5
2133,66.7,66
2134,67.5,66.6
2135,68.4,67.2
2136,69.8,67.3
2137,68.4,68.6
2138,66.3,65.7
2139,65.7,63.9
2140,64.4,64.1
2141,63,64
2142,61.4,66.6
2143,61.2,66.5
2144,60.9,70.3
2145,61.8,72.1
2146,62.7,71.8
2147,65.2,70.1
2148,67.4,65.5
2149,68.8,65.6
2150,71.2,67.3
2151,72.2,68.5
2152,71,68.9
2153,66.5,66.8
2154,63.5,68.4
2155,65.6,68.5
2156,68.9,66.3
2157,71.1,62.5
2158,70.1,64.5
2159,69.3,66.8
2160,67.8,67.2
2161,68.1,66.4
2162,66.4,64.1
2163,65.3,65.4
2164,64.9,67.9
2165,65.9,69
2166,67.6,67.8
2167,66.1,67.1
2168,65.7,66
2169,65.2,62.4
2170,66.9,58.7
2171,68.9,56.9
2172,68.8,56.5
2173,65.8,56.8
2174,65.8,56.6
2175,65.9,56.8
2176,63.2,57.1
2177,58.5,55.9
2178,55,57.7
2179,54,62.3
2180,53.3,64.6
2181,55.2,62.8
2182,55.6,58.2
2183,52.9,55.3
2184,52.3,52.1
2185,52.5,51.8
2186,52.5,51.7
2187,53.8,50.7
2188,56.8,50.9
2189,61.8,52.9
2190,66.1,52.9
2191,65.8,53.2
2192,66.4,55
2193,64.3,59.7
2194,63.4,63.8
2195,65.3,66.3
2196,64.7,66.7
2197,59.7,65.5
2198,61.6,64.8
2199,65.3,63.7
2200,68.1,62.1
2201,68.4,62.8
2202,70.3,60.8
2203,71.7,58
2204,70,58.3
2205,66.4,62.6
2206,66,66.8
2207,63.5,68
2208,61.5,70
2209,61.7,69.1
2210,60.2,63.9
2211,59.8,64.7
2212,58,64.1
2213,59.5,61.2
2214,58.6,61.2
2215,57.7,60.3
2216,57.8,61.6
2217,58.7,65.1
2218,63.4,63.9
2219,67.3,67.9
2220,74.5,67.7
2221,76,67.1
2222,75.7,63.7
2223,70.9,61
2224,67.9,64.7
2225,68.9,70.5
2226,68.5,76.2
2227,66.9,77
2228,66.9,73.9
2229,68.1,66.9
2230,70,63.7
2231,68.8,63.6
2232,69.2,64.4
2233,67.6,67.1
2234,66.3,68.5
2235,62.7,68.9
2236,60.2,69.1
2237,60.3,70.4
2238,61.9,70.5
2239,63,69.9
2240,64.1,67
2241,67.1,64
2242,68,60.9
2243,70.5,60.6
2244,69.9,60.3
2245,69.4,62.2
2246,69,64.4
2247,67.3,65
2248,65.9,64.7
2249,64.3,64.9
2250,60.1,66.7
2251,63.2,69.3
2252,65.1,68.8
2253,66.4,70.9
2254,66.3,74.4
2255,66,74.2
2256,67.2,72.4
2257,66.7,68.3
2258,68.7,65.1
2259,72.9,62.6
2260,75.7,62.9
2261,75.7,64.8
2262,73.9,67.7
2263,70.8,69.9
2264,66.3,70.7
2265,64.5,70.2
2266,65.9,69.8
2267,68.2,65.9
2268,69.8,62.5
2269,70.1,60.3
2270,69.4,58
2271,69.5,55.8
2272,67.1,56.2
2273,63.1,57.6
2274,61.5,59.8
2275,59,62.9
2276,56.7,65.9
2277,54.2,65.6
2278,54.4,61.5
2279,54.1,57.9
2280,54.5,57.2
2281,55.6,60.4
2282,56.4,63
2283,56.7,66.1
2284,56.4,67.5
2285,55.3,68.9
2286,56.3,69.2
2287,57.6,69.1
2288,61,68.4
2289,63,69
2290,66.7,71
2291,67.8,71.2
2292,68.7,71.4
2293,67.4,69.2
2294,67.1,68.9
2295,67.6,69.7
2296,69.3,70.1
2297,71.6,70.2
2298,71.2,69.6
2299,70.9,68.8
2300,69.7,68.4
2301,69.4,68
2302,71.6,66.6
2303,71.4,67.6
2304,70.9,67.6
2305,70.3,67.3
2306,67.7,67.4
2307,67.5,68.4
2308,66.3,67.7
2309,65.4,64.9
2310,64.5,62.7
2311,65.4,59.6
2312,66,58.2
2313,65.9,57.2
2314,66.1,57
2315,64.2,56.2
2316,64,55
2317,62,57.4
2318,59,55.7
2319,55.8,49.8
2320,54.2,48.2
2321,50.7,48.8
2322,49.1,49.5
2323,49,48.1
2324,49.2,45.2
2325,49.1,44.7
2326,52.6,44.7
2327,55.9,45.4
2328,58.2,47.1
2329,61.3,48.6
2330,65.3,52.5
2331,65.8,58
2332,68.8,58.1
2333,74.7,56.8
2334,74.6,59.4
2335,70.1,61.8
2336,68.5,66.3
2337,63.7,67.5
2338,63.1,70.5
2339,63,73
2340,60.7,71.8
2341,58.7,68.5
2342,58,67.9
2343,59.2,69.1
2344,60.3,68.9
2345,60.8,67.9
2346,61.1,64
2347,63.3,60.9
2348,65.8,59
2349,67.3,58.3
2350,68.1,56.8
2351,68,53.4
2352,64.9,50.6
2353,61.8,48.8
2354,57.9,48
2355,60.5,47.1
2356,62,47.1
2357,61.2,47.3
2358,57.7,51.1
2359,53.9,54.3
2360,52.3,56.9
2361,52.1,58.5
2362,54.3,62.5
2363,53.9,62.4
2364,54,59.1
2365,54.4,60.5
2366,54.9,64.1
2367,55.1,66.9
2368,55.9,68
2369,56.5,68.9
2370,58.9,70.8
2371,62,72.4
2372,64.4,72.6
2373,67.5,72.9
2374,68.4,72.6
2375,69.2,72.7
2376,69.6,72
2377,72.3,71.9
2378,73.4,71.8
2379,73.7,72.6
2380,74.3,71.6
2381,73,69
2382,73.7,67.7
2383,73.6,66.5
2384,72,63.5
2385,71.8,62.8
2386,72.4,62.3
2387,72.7,63.5
2388,70.2,65.9
2389,67.6,66.7
2390,64.5,66.3
2391,62.7,62.9
2392,63,60.4
2393,64.6,64.4
2394,66.1,68.6
2395,65.3,71.9
2396,65.1,72.3
2397,62,72.7
2398,64.3,69.2
2399,68.5,67
2400,70.8,64.6
2401,73.5,62.1
2402,73.3,59.9
2403,71.3,58.6
2404,69.6,56.5
2405,72.5,56
2406,73.5,57.6
2407,71.2,57.3
2408,69,61.2
2409,66,63.4
2410,63.1,66.2
2411,62.7,68.1
2412,63.4,71.2
2413,64.9,69.9
2414,65.2,67
2415,63.6,65.3
2416,65.3,62.6
2417,67.1,62.3
2418,66.7,65
2419,63.6,65
2420,60.6,61.7
2421,59.4,64
2422,59.1,66.8
2423,58.9,66.7
2424,58.1,62.8
2425,58.2,59.9
2426,56.3,57.1
2427,56,56.8
2428,55.8,57.4
2429,56,57.2
2430,57.3,54.9
2431,59.7,53.9
2432,62,53.8
2433,68.5,53
2434,73.4,54.6
2435,73.5,57.8
2436,69.4,62.7
2437,65.5,66.8
2438,61.1,70.8
2439,60.2,72.1
2440,57.8,70.7
2441,57.9,65.8
2442,57.4,63.6
2443,55.7,64.2
2444,58,66.8
2445,60,67.5
2446,60.1,67.6
2447,60.7,67.2
2448,61.3,66.7
2449,63.8,66.8
2450,65.9,66.4
2451,68.7,66.1
2452,68.8,63.7
2453,67.5,61.5
2454,66.5,59.6
2455,68.1,57.5
2456,68.2,54.3
2457,65.9,51.6
2458,61.9,52
2459,59.7,50.9
2460,56.3,50
2461,54.7,52
2462,58.2,52.5
2463,56.5,51.3
2464,54.9,44
2465,58,42.8
2466,55,40
2467,51.2,39.6
2468,48.6,38.4
2469,45.8,38.2
2470,48.2,38.9
2471,46.9,39.8
2472,48.8,46.9
2473,47.6,54.5
2474,52.4,58.2
2475,53.8,58.1
2476,55.9,58.8
2477,56.3,60.3
2478,56.8,61.7
2479,57.6,65.9
2480,58.4,71.5
2481,58.2,76.2
2482,59.9,76.1
2483,62.4,73.9
2484,66.3,70.4
2485,70.1,71.8
2486,75.7,72.5
2487,77.2,69.4
2488,76.6,64.7
2489,73.2,63.2
2490,73.2,63.2
2491,73.3,60.5
2492,70.6,58.1
2493,63.7,57.4
2494,60.8,56.3
2495,57.5,57.9
2496,54.7,61.3
2497,49.8,63.8
2498,52.6,65.4
2499,54.9,65.2
2500,60.3,69.6
2501,63.5,73.1
2502,66,74.6
2503,65.5,73.9
2504,64.7,67.7
2505,68.2,66
2506,69.7,62.9
2507,72.7,59.9
2508,72.8,59.5
2509,71.6,59.3
2510,67.5,57.6
2511,62.5,56.7
2512,60.8,58.1
2513,65.2,57.5
2514,61.6,56.7
2515,63.9,52.5
2516,64.1,50.6
2517,65.5,51.2
2518,66.2,54.4
2519,72.2,57.9
2520,79.1,59.5
2521,77.6,61.6
2522,68.6,64.1
2523,66.9,66.2
2524,66.6,70.4
2525,66.2,74
2526,69.3,76.5
2527,68.5,71.4
2528,69.3,74
2529,71.9,75.2
2530,73.2,73.8
2531,71.4,69.9
2532,71.9,66.5
2533,76.6,68.5
2534,76.9,66.6
2535,73.1,64.2
2536,68.3,65.1
2537,62.8,66.8
2538,61.3,66.6
2539,59,65.2
2540,59.7,66.1
2541,59.5,66.1
2542,60.9,67.8
2543,64.5,74.1
2544,65.5,77.4
2545,66.5,77.4
2546,65.5,75.2
2547,67,70
2548,70.1,68.8
2549,74.2,70.5
2550,76,69.9
2551,77.3,68.2
2552,75.8,64
2553,71.5,63.6
2554,73.6,63
2555,73.5,66.2
2556,71.8,67.7
2557,67.2,70
2558,64.6,69.4
2559,62.8,65.9
2560,63.2,64.3
2561,65.5,67.9
2562,66.5,68
2563,66.4,66.9
2564,65.1,66.9
2565,60.7,66.5
2566,58.3,67.2
2567,57.1,68.3
2568,55.4,66.2
2569,55.3,63.1
2570,55.1,64.2
2571,54.7,66.2
2572,53.4,68.7
2573,52.4,64.8
2574,48.7,58.8
2575,48,58.5
2576,51.4,59.1
2577,54,57
2578,55.3,59.1
2579,55.9,58.4
2580,56.3,60.7
2581,57,64.3
2582,57.1,66.1
2583,59.9,67.3
2584,62.5,68.2
2585,68,69.1
2586,72.6,68.9
2587,72.8,67.7
2588,70.2,67.8
2589,68.3,67.6
2590,69,67.1
2591,71.5,68.9
2592,71.8,70.5
2593,70.2,68.6
2594,69.5,63.1
2595,69.7,65.5
2596,70.1,67.5
2597,68.1,69.2
2598,66.4,69.6
2599,64.3,71
2600,66.6,71.4
2601,66.4,72.5
2602,68,72.5
2603,68.2,71.8
2604,68,70.1
2605,68.5,68.6
2606,68.4,68.5
2607,69,70.3
2608,69.3,70.5
2609,69.8,70.3
2610,67.3,68.1
2611,66.5,67.2
2612,67.2,66.7
2613,70.2,66.1
2614,72.3,66.1
2615,72.1,64.4
2616,68.3,62.8
2617,67.7,63.8
2618,64.9,66
2619,62.5,69.6
2620,63.3,68.3
2621,63.2,63.3
2622,65.3,59.3
2623,65.6,61.5
2624,66.1,62.6
2625,62.6,59.9
2626,61,60.5
2627,58.7,59.2
2628,57.9,58.1
2629,58.3,54.7
2630,57.7,55.7
2631,57.7,55.6
2632,57.8,58.4
2633,58.1,61.4
2634,57.4,64.1
2635,57.5,64.8
2636,59.8,65.9
2637,61,64.9
2638,65.3,66
2639,69.1,65.8
2640,76.5,63.8
2641,80.8,61.1
2642,80.6,59.9
2643,72.3,59.6
2644,67,60.7
2645,66.1,63.9
2646,64.9,67.2
2647,62.4,70.8
2648,60,76.7
2649,63.2,80.3
2650,65.6,79.7
2651,66.1,72.4
2652,71,69.4
2653,72.7,68.2
2654,71.5,66.7
2655,67.8,68.3
2656,66,70.6
2657,66.5,72.6
2658,68.7,72.3
2659,69.6,71
2660,68.9,69.4
2661,69.1,68.4
2662,72,66.8
2663,73.5,65
2664,73.4,64.6
2665,72.9,64
2666,71,61.2
2667,68.5,60.3
2668,66.8,61.1
2669,64.6,59.3
2670,63.8,59.2
2671,65.5,58.2
2672,65.7,58.7
2673,64.6,58.2
2674,63.8,54.4
2675,70,55.6
2676,72.5,56.2
2677,71.3,59.8
2678,69.1,62
2679,69,63.6
2680,69.4,67.6
2681,67.5,71.1
2682,62.9,70.7
2683,65.4,69.3
2684,69.9,66.7
2685,69.9,67.4
2686,65.3,66.9
2687,68.5,63.3
2688,67.9,66.7
2689,63.9,69.9
2690,64.8,69.3
2691,66.1,67.6
2692,65.9,67.2
2693,64.8,66.8
2694,66.7,64
2695,68.7,59.9
2696,69.2,61.7
2697,67,63.6
2698,64.3,61.7
2699,63.3,59.1
2700,60.2,58.3
2701,59.7,58.2
2702,60.1,63.4
2703,60.8,65.7
2704,61.6,69.1
2705,61.5,70.4
2706,60.8,70.2
2707,61.3,65.3
2708,64.5,67.3
2709,68.3,68
2710,71.7,65.3
2711,71.6,64.8
2712,70.2,66.8
2713,72.6,68
2714,72.5,68.2
2715,69.7,63.7
2716,71.3,62.1
2717,70.6,61.8
2718,69.2,64.6
2719,69.1,70.3
2720,67,72.2
2721,64.4,70.6
2722,61.9,65.8
2723,62,69.7
2724,61.5,71.3
2725,61.6,71.5
2726,63.5,70.6
2727,63.8,68.2
2728,63.5,66
2729,65.8,64.2
2730,71.1,60.6
2731,71.9,62.3
2732,71.6,62.7
2733,69.4,63.2
2734,66,68.2
2735,64.7,72.9
2736,63.6,75.9
2737,63.9,75.7
2738,62.8,72.4
2739,64.3,70.5
2740,66.9,66.9
2741,75.2,67.1
2742,76.6,65.5
2743,76.5,61.5
2744,73,61.3
2745,69.8,63.2
2746,66.9,63.2
2747,64.3,59.9
2748,61.7,56.8
2749,59.7,56.6
2750,58,54.5
2751,57.8,54
2752,58.3,54.5
2753,58.1,54.6
2754,56.7,52.9
2755,56.3,53.5
2756,56.2,53.1
2757,55.7,52.2
2758,56.5,51.2
2759,62.2,51.5
2760,67.4,52.7
2761,70.3,55.5
2762,70.4,55.2
2763,69.3,58.1
2764,67,61.8
2765,68.1,63.9
2766,66.6,66.2
2767,72.9,68.7
2768,77.2,67.2
2769,77.1,66.4
2770,74.5,65.9
2771,67.8,66.8
2772,64.9,69.1
2773,64.3,72.6
2774,67.7,77.6
2775,70.3,77.8
2776,71.7,75.9
2777,71.8,72
2778,71,68.9
2779,71.3,67.9
2780,70.7,69.2
2781,70.3,68.9
2782,69.4,68.2
2783,68.6,68.8
2784,66.2,70.4
2785,65.1,70.6
2786,64.7,70.3
2787,63.4,68.6
2788,65.2,66.3
2789,67.5,68.3
2790,68.4,69.8
2791,70.3,69.9
2792,71.5,68.7
2793,70.8,68.7
2794,67.8,68.5
2795,65.6,67.4
2796,67.4,69.9
2797,67.7,69.8
2798,66.9,68.2
2799,66.4,64.2
2800,66.3,62.5
2801,67,59.9
2802,69.4,57.9
2803,71.3,56.3
2804,70.7,53.5
2805,68.2,55.1
2806,63.9,59.5
2807,65,63.2
2808,56.2,62.7
2809,54.7,58.1
2810,53,55.6
2811,51.6,57
2812,51.3,56
2813,49.9,53.5
2814,49.3,50.7
2815,49.5,49.9
2816,49.7,49.7
2817,50.1,49.7
2818,50.2,51.4
2819,50.7,53.3
2820,51.3,56.3
2821,51.9,60.3
2822,53.5,62.5
2823,54.2,63.6
2824,54.4,65
2825,54.3,66.1
2826,55.7,68.7
2827,56.7,71.4
2828,59.9,71.6
2829,62.6,70.7
2830,66.4,67.7
2831,68.1,67.8
2832,69.6,68.2
2833,70.1,69.3
2834,73.1,71.6
2835,73.5,73.1
2836,73.5,73.7
2837,73,73.5
2838,70.2,71.1
2839,68.4,68
2840,70,65.4
2841,71.7,66.9
2842,73.5,71.9
2843,74.6,72.8
2844,74.9,70
2845,73.9,66.9
2846,73.1,67
2847,70.5,67.4
2848,67,67.5
2849,64.6,67.8
2850,64.6,67.1
2851,65.1,69
2852,65.9,69.3
2853,66.4,66.8
2854,65.2,64.7
2855,63.6,63.2
2856,64.5,61
2857,64,62.7
2858,61.6,61.9
2859,60.4,59.9
2860,58.6,60.9
2861,58.1,59.9
2862,56.6,60.8
2863,56,62.6
2864,58.1,61.3
2865,62.6,58.4
2866,64.6,54.6
2867,64.2,56.2
2868,61,53.5
2869,56.3,55.9
2870,55.4,57.1
2871,53.9,59.6
2872,54.5,63.1
2873,54.7,64.1
2874,53,60.7
2875,51.4,55.9
2876,50.6,53
2877,51.6,51.6
2878,52.3,51.3
2879,52.9,53.3
2880,53.3,54.3
2881,55.6,56.7
2882,56.4,57.7
2883,56,58.6
2884,57.9,62.5
2885,62.9,64.4
2886,67.1,66.8
2887,67.6,67.3
2888,64.1,67.3
2889,60.7,68.6
2890,62.4,71.2
2891,64.7,71.7
2892,66.9,70.4
2893,68.7,67.7
2894,69.9,66
2895,70.5,63.4
2896,72.9,61.1
2897,72.5,59.5
2898,72.2,61.2
2899,69.7,65.2
2900,68,66.4
2901,65.7,64.9
2902,61.9,65.2
2903,60.2,65.7
2904,57.3,64
2905,56.3,63.2
2906,55.7,60.6
2907,54.9,59.5
2908,54.7,58.5
2909,55.6,58.7
2910,57.7,59.2
2911,61.6,62.1
2912,62.8,63.9
2913,63.8,65.9
2914,63.9,68.3
2915,66.9,69.2
2916,66.5,68.8
2917,62,68.1
2918,64.6,67.1
2919,66.1,68
2920,69.1,68.1
2921,69.6,68.4
2922,69.6,68.4
2923,68.7,67.2
2924,68,66.2
2925,69,66.2
2926,67.3,64.1
2927,65.2,65
2928,66.3,66.2
2929,65.9,67
2930,66.7,67.3
2931,66.6,67
2932,65.4,67.1
2933,62.9,67.5
2934,65.5,69.6
2935,70.6,71.1
2936,74.1,70.7
2937,74.3,71
2938,72.1,69.2
2939,70.2,67.7
2940,70.5,65.2
2941,70.7,66
2942,72.1,69.4
2943,72,71.7
2944,70.8,71.6
2945,69.8,66.9
2946,67.3,64.4
2947,68.5,63.5
2948,68,63
2949,65.1,62.1
2950,64,62.2
2951,68,61.7
2952,69.3,62.8
2953,69.4,63.1
2954,67.5,62.4
2955,68.5,61.3
2956,71.3,65.6
2957,70.6,68.9
2958,71.8,71.3
2959,71.9,70.8
2960,73.8,70.6
2961,77,70.6
2962,75.7,67.8
2963,67.2,67.2
2964,69.8,70.7
2965,69.3,71.5
2966,69.4,73.4
2967,67.9,73.1
2968,66.6,70.9
2969,68.5,68
2970,70.1,71.6
2971,74.7,72.3
2972,74.6,72.8
2973,72.5,69
2974,69.3,64.7
2975,71.9,64.5
2976,72.8,66.1
2977,73.3,68.4
2978,71,68.3
2979,67.6,66.1
2980,64.1,61.5
2981,64.8,61
2982,67.2,60.9
2983,67.8,56.7
2984,67.2,55.5
2985,63.3,53.9
2986,60.6,53.9
2987,58.2,54.3
2988,53.2,53.9
2989,54.3,48.2
2990,56.7,47.9
2991,58.3,46.3
2992,62.2,49.2
2993,67.6,50.3
2994,69.8,50.4
2995,69.2,53.8
2996,66.5,58.2
2997,65.1,60.2
2998,65.6,62
2999,66.3,64.8
3000,67,67.8
3001,67.2,68.1
3002,66,64.9
3003,66.2,64.5
3004,67.8,64.8
3005,67.7,64.2
3006,67.7,65.7
3007,66.7,65.1
3008,63.9,65.1
3009,67.6,67.4
3010,74.3,69
3011,77.4,69.2
3012,76.3,67.8
3013,69.3,65.4
3014,64.3,63.6
3015,65.6,65.7
3016,68.1,72.9
3017,69.1,75.7
3018,68.6,75.4
3019,66.3,68.6
3020,62.1,63.3
3021,60,65.6
3022,60.5,65.7
3023,60.5,67.1
3024,60.4,66.9
3025,59.7,65.4
3026,61.6,62.3
3027,64,60.8
3028,68.5,55.8
3029,71.7,52.4
3030,73.8,52.5
3031,73.3,54.7
3032,68.5,61.7
3033,66.6,64.5
3034,65.6,67
3035,67.8,70.9
3036,69.1,71.7
3037,69.4,68.9
3038,68.1,68.5
3039,66.7,72.5
3040,66,74.5
3041,65.4,74
3042,68.8,73.1
3043,70.5,68
3044,70.8,65.5
3045,73.6,66.2
3046,75.2,66.6
3047,74.1,68.4
3048,73.4,68.4
3049,69.3,66.4
3050,67.8,68.7
3051,66.6,72.6
3052,68.4,74.2
3053,66.7,73.8
3054,63.4,71.1
3055,67.2,66.9
3056,72.2,68
3057,74.9,70
3058,74.3,69.7
3059,72,65.6
3060,67,63.8
3061,68.9,64.8
3062,71.3,66.9
3063,70.6,65.4
3064,65.8,60.9
3065,61.5,57.1
3066,57.3,54.1
3067,56,53.3
3068,58.3,53.4
3069,63.1,53.6
3070,64.2,55.5
3071,62.3,55.5
3072,61.8,57.4
3073,67.2,61.2
3074,67.7,64.9
3075,67.9,66.2
3076,66.8,66.1
3077,63,63.2
3078,61.8,61.3
3079,62.9,65.3
3080,65.5,65.6
3081,66.6,65.6
3082,65.3,64.4
3083,63.9,62.2
3084,60.3,65.1
3085,59.6,66.4
3086,58.1,67.6
3087,59.7,67.7
3088,59.8,66.7
3089,60.2,66.2
3090,63.6,66.6
3091,66.2,66.6
3092,66.7,68.8
3093,67.4,73.7
3094,67.2,74.7
3095,65.9,74.2
3096,67.4,71.9
3097,67.6,72.2
3098,68.5,73
3099,73.8,74.2
3100,76.1,70.7
3101,75,70.8
3102,73.2,67.7
3103,72.7,70.9
3104,74.6,68.9
3105,74.7,70.9
3106,72.7,66.6
3107,68.7,65.1
3108,66.9,64.8
3109,67.1,68.1
3110,68.2,68.2
3111,68.3,62.3
3112,65.9,61.7
3113,60.4,63
3114,59.1,65.2
3115,59.2,65.5
3116,59.4,64.1
3117,58.5,59.4
3118,59.8,58.2
3119,64.5,54.3
3120,67,50.4
3121,67,49.4
3122,65.3,48.5
3123,59.9,48.4
3124,56.9,49.1
3125,51.3,49.1
3126,49.3,51.2
3127,49.7,53.7
3128,53.1,55.5
3129,57.7,56
3130,58.6,58
3131,58.9,59.4
3132,58.2,63.1
3133,58.1,66.2
3134,58.1,68.5
3135,59,70.6
3136,61.3,69.7
3137,64.7,68.1
3138,68.1,68
3139,69.3,72.2
3140,69.9,74.6
3141,72,73.7
3142,72,70.6
3143,72.6,68.1
3144,74.5,68.2
3145,76.9,68.7
3146,74.7,70.7
3147,71.9,73.6
3148,66.8,74.5
3149,66.8,72.1
3150,69,67.1
3151,69.6,65.4
3152,71,64.5
3153,73.7,66.1
3154,73.5,66.2
3155,72.6,64.5
3156,69,60.6
3157,66.7,64.3
3158,68.5,66.9
3159,72.9,67.4
3160,73.4,67
3161,70.9,69.5
3162,67.3,70.6
3163,66.9,69.6
3164,68.4,68.9
3165,69.4,69.3
3166,69.7,70.6
3167,71.2,70.7
3168,70.4,73.1
3169,68.9,73
3170,70.3,71
3171,69.2,71.8
3172,69.7,73
3173,70.2,72.7
3174,72.8,72.5
3175,72.1,69.6
3176,70,68.7
3177,73,65.6
3178,74.8,63.3
3179,73.5,60.7
3180,71.6,59.1
3181,69.8,59.9
3182,67,58.2
3183,61.3,55
3184,58.7,52.5
3185,54.2,51.5
3186,53.6,50.2
3187,54,48.5
3188,53.7,47.5
3189,53,47.4
3190,52.1,47.6
3191,49.9,48.1
3192,48.2,48.1
3193,48.5,47.3
3194,48,48.7
3195,46.6,48.2
3196,44.9,44.2
3197,44.1,44.5
3198,42.7,43
3199,42.8,41.9
3200,43.8,42.4
3201,45.1,41.1
3202,45.2,45.2
3203,46.7,47.3
3204,48.8,48.8
3205,49.2,49.7
3206,50,51
3207,50.3,56.1
3208,51.6,60.5
3209,51.6,63.4
3210,51.8,64
3211,52.8,63.6
3212,55.4,58.8
3213,59.1,56.6
3214,61.5,55.6
3215,64.3,56
3216,64.4,57.9
3217,62.9,60.9
3218,59.6,64.8
3219,58.8,69.6
3220,60.1,70.8
3221,60.8,70.7
3222,62.4,69
3223,63.4,66.7
3224,68.9,65.7
3225,72.7,62.1
3226,72.5,59.7
3227,70.2,57.8
3228,68.9,57.2
3229,68.1,55
3230,67.9,53.1
3231,65.1,52.4
3232,60.9,56.1
3233,63.3,58.2
3234,67.5,62.1
3235,71.7,65.1
3236,71.7,62.8
3237,69.6,58.2
3238,69.1,60
3239,67.1,61.4
3240,66.9,65.4
3241,66.2,68.3
3242,64.6,70.8
3243,65.6,69.2
3244,67.5,69.6
3245,68.5,69.1
3246,69.2,66.5
3247,69,65.6
3248,66.9,64.3
3249,65.5,66.1
3250,64.3,68.1
3251,62.3,67.4
3252,61.1,68.7
3253,60.8,68.5
3254,60.9,69.3
3255,59.9,70.1
3256,62.7,69.1
3257,65,67.7
3258,66.7,64.3
3259,66.7,61.2
3260,65.9,58.6
3261,69.1,59.1
3262,68.8,59.8
3263,67.1,63.9
3264,63.9,66.3
3265,62.3,67.2
3266,65.8,64.1
3267,67.1,60.4
3268,66.5,59.4
3269,64.3,56.9
3270,62.1,56.1
3271,61.6,56.3
3272,63.3,58.3
3273,66.8,60.3
3274,67.7,63.3
3275,67.3,66.1
3276,66.3,65.6
3277,65.8,62.8
3278,64.5,62
3279,64.9,65.2
3280,66.5,66.9
3281,65.2,65.6
3282,64.7,65.8
3283,65.1,66
3284,64.6,64.4
3285,63.8,64.7
3286,65.1,64.3
3287,64.8,65.5
3288,65.8,65.3
3289,66.1,64.1
3290,65.6,64
3291,66.1,62.9
3292,65.6,63.2
3293,64.9,63.4
3294,62.5,63.2
3295,60.1,63.7
3296,60.4,64.1
3297,59.4,64.1
3298,59.8,64.3
3299,59.1,63.3
3300,58.9,62.7
3301,59.9,61.4
3302,60,60.7
3303,59,63.2
3304,58.6,64
3305,58.7,65.7
3306,58.9,67.9
3307,58.9,68.9
3308,60.2,68.4
3309,60.4,68.1
3310,61.5,67.9
3311,65.4,66.6
3312,68.6,66.4
3313,68.8,68.2
3314,68.5,68.7
3315,69.6,67.6
3316,69.1,66.9
3317,67.8,66.5
3318,66.6,66.3
3319,66.9,66.5
3320,68.3,66.1
3321,68.3,65.9
3322,67.3,64.3
3323,67,64.3
3324,66.3,64.3
3325,64.9,67.4
3326,66.6,68.3
3327,66,68.3
3328,64.7,67.9
3329,65.1,69.4
3330,64.3,69.7
3331,65.1,67
3332,65.6,62
3333,67.5,59.4
3334,67.2,57.5
3335,66.4,55.9
3336,65.3,54.9
3337,64,57
3338,62.3,59.7
3339,58.6,62.8
3340,57.1,66.6
3341,56.3,70
3342,60.7,70.3
3343,60.9,68.2
3344,61.1,70.2
3345,62.1,71.1
3346,63.4,72.9
3347,65.7,73.1
3348,68.4,68.3
3349,69.9,65
3350,69.7,65.6
3351,69.7,66.2
3352,70,66.2
3353,70.7,66.9
3354,71,70.5
3355,70.7,73.2
3356,69.5,72.9
3357,70.1,72.7
3358,70.3,67.4
3359,72.6,64.9
3360,73.2,65.5
3361,73.5,64.2
3362,73.8,63.1
3363,73.8,66.4
3364,73.2,67.2
3365,70.6,70.2
3366,70.1,70.8
3367,68.3,69.5
3368,66.2,70.8
3369,66.9,70.7
3370,71.3,68.5
3371,71.9,69
3372,71.5,69.6
3373,71.7,68.1
3374,71.8,64.9
3375,71.1,65.2
3376,70.7,68.6
3377,69.3,69.7
3378,67.5,68.8
3379,64.6,68
3380,63.1,66.5
3381,62.2,68.3
3382,63.2,68.8
3383,65.9,69.6
3384,69.2,69
3385,69.1,69.6
3386,66.8,68.9
3387,65.9,65
3388,67.7,61.6
3389,68.8,61.7
3390,68.8,66.9
3391,69.6,66.6
3392,68.3,62
3393,64,58.4
3394,59.8,55.7
3395,57.7,55.6
3396,57.8,52.9
3397,56.1,53.6
3398,55.7,55.3
3399,57.7,55.3
3400,58,55.7
3401,57.3,55.2
3402,56.5,57.1
3403,54.4,59.5
3404,53.4,63
3405,52.6,66.2
3406,53.6,67.1
3407,55.7,67.6
3408,57.5,68.2
3409,60,69.2
3410,64,67.1
3411,67.2,63.5
3412,67.8,65.1
3413,68.6,65.2
3414,70.4,65.2
3415,70.7,63.3
3416,69.8,62.4
3417,67.4,66.6
3418,64.8,68.6
3419,65.3,68.8
3420,65.3,68.1
3421,65,66.6
3422,68.5,62.6
3423,70.1,60.9
3424,70.4,58.9
3425,69.1,58
3426,66.6,60
3427,65,61.9
3428,61.8,66.2
3429,59.6,67.6
3430,58.7,68.5
3431,61.7,73.1
3432,64,73.5
3433,66.4,72.7
3434,66.9,66.9
3435,70.1,70.2
3436,73.2,74.6
3437,74.2,76.8
3438,72.8,76.7
3439,70.2,72.4
3440,68.9,68.6
3441,72.2,67.5
3442,76.6,64.8
3443,77.3,65.6
3444,75.2,69
3445,72,70.4
3446,67.7,70.3
3447,66.4,68
3448,66.6,66.6
3449,66.1,65.6
3450,70.9,65.4
3451,72,65
3452,70.3,64.6
3453,68.6,62.5
3454,68.7,63.9
3455,67,64.4
3456,64.2,61.9
3457,65.5,59.1
3458,65.4,57.9
3459,64.7,60.1
3460,62.5,63.9
3461,59,65.9
3462,57.5,69.4
3463,57,71.1
3464,59.6,71.1
3465,60.9,70.9
3466,63.4,71
3467,65.8,69.2
3468,69.7,64.9
3469,71.2,63.4
3470,71.6,62.3
3471,73.1,61
3472,73.9,58.1
3473,72.5,60.2
3474,71.3,63.4
3475,70.9,66.7
3476,69.9,67.2
3477,77,68.5
3478,79.3,67.2
3479,77.6,65.9
3480,71.6,67.5
3481,66.9,66.7
3482,67,67.5
3483,67.6,74.2
3484,67.2,77
3485,65.3,74.7
3486,64.5,69.1
3487,64.7,71.1
3488,65.5,71.5
3489,66,72.3
3490,66.3,70.8
3491,67.8,70.7
3492,69.5,70.2
3493,71.5,69.3
3494,72.2,67
3495,71.4,67.3
3496,69.8,68.2
3497,69,69.5
3498,70.6,69.8
3499,71.4,70.3
3500,71.1,70.5
3501,69.5,69.4
3502,69.5,65.6
3503,69.4,64.7
3504,69.5,65.5
3505,69.3,68
3506,68.7,68.7
3507,67.6,66.8
3508,66.3,62.5
3509,63,60.1
3510,60.9,60.6
3511,59.4,57.5
3512,59.7,58.4
3513,60.4,61
3514,59.8,62.4
3515,62.5,65.2
3516,65.8,66.5
3517,65.8,66.9
3518,62,66.8
3519,64.8,65.6
3520,67.1,65.7
3521,68.3,64.1
3522,70.3,64.5
3523,68.7,63.9
3524,69.8,59.9
3525,70.6,62.2
3526,70.8,64.4
3527,68.7,65.1
3528,66.1,67.1
3529,63.7,71.2
3530,62.8,74.4
3531,63.8,74.2
3532,65.5,71.7
3533,67.4,69.8
3534,69.7,66.2
3535,72.4,65.2
3536,74.3,63.6
3537,73.9,62.7
3538,70.1,62.4
3539,66.3,62.3
3540,64.1,63
3541,64.1,65
3542,66.5,64.1
3543,65.1,62.5
3544,61.6,59.5
3545,56.8,57.9
3546,53.7,60.4
3547,53,63.1
3548,52.8,63.7
3549,52.6,61.7
3550,53.2,58.8
3551,53.7,57.2
3552,53.3,55.4
3553,53.9,60.3
3554,56.4,62.8
3555,57,64.9
3556,56.9,66.9
3557,57.6,66.7
3558,60.1,68.1
3559,59.9,69.6
3560,63.8,70.3
3561,66.9,72.5
3562,67.4,72.7
3563,67,72.5
3564,68.5,69.4
3565,69.7,67.5
3566,72.3,66.2
3567,74.4,67
3568,74.8,67.2
3569,73.3,66.5
3570,70.2,65.3
3571,66.7,65.3
3572,68.8,67.7
3573,69.4,70.4
3574,71.4,73.6
3575,73.6,72.8
3576,73,72
3577,69.9,69
3578,70.5,65.2
3579,72.4,63.9
3580,74.1,65.9
3581,76.9,67.4
3582,76.6,69.1
3583,73.4,70.9
3584,70.5,68.8
3585,68.7,66.8
3586,69.7,66.9
3587,69.7,67.7
3588,70.8,69.1
3589,69.6,65.2
3590,68.5,65.9
3591,67.1,67.6
3592,65.8,69.3
3593,65.9,70.4
3594,66.5,74.2
3595,67.7,75.4
3596,69.6,74.2
3597,70.2,68.9
3598,71,65.7
3599,72.1,64.6
3600,75.8,64.9